#,Last,First,Role,Agency,Active awards,Email,Verification,Current affiliation,Evidence,Source
1,Abbas,Tarek,Contact PI,NIH,1,,Possible,unknown,Two searches found no page tying Tarek Abbas to UVA.,
2,Abbate,Antonio,Multi-PI,NIH,1,,Confirmed,"UVA School of Medicine, Cardiovascular Medicine",UVA Health provider profile; he holds the Ruth C. Heede Professor of Cardiology chair at UVA (joined 2022).,https://uvahealth.com/providers/Antonio-Abbate-1184849168
3,Abbott,Stephen,Contact PI,NIH,1,,Confirmed,UVA Dept of Pharmacology,"UVA faculty listing, plus an Oct 2025 UVA Pharmacology news item naming him as an assistant professor.",https://med.virginia.edu/pharm/2025/10/02/doug-bayliss-phd-earns-2-8-million-nih-grant-to-study-the-co%E2%82%82-sensing-mechanisms-that-control-breathing/
4,Abebayehu,Daniel,Contact PI,NIH,1,,Possible,UVA School of Engineering (likely),An undated UVA Today page describes him as a UVA assistant engineering professor; no 2025-2026 profile was found.,https://news.virginia.edu/node/361451
5,Abounader,Roger,Contact PI,NIH,2,,Possible,UVA School of Medicine (as of 2023),The only UVA evidence found is a July 2023 School of Medicine newsletter profile.,https://news.med.virginia.edu/newsletter/7-6-23-issue/
6,Absalon,Sabrina,Co-PI,NSF,1,sabsalon@iu.edu,Negative,iu.edu,External collaborator: NSF lists only a non-UVA email.,
7,Agaisse,Herve,Contact PI,NIH,2,,Confirmed,"UVA Dept of Microbiology, Immunology, and Cancer Biology",Current UVA SOM faculty listing and lab page show him as a professor.,https://med.virginia.edu/faculty/faculty-listing/hfa5y
8,Agarwal,Chirag,Co-PI,NSF,1,qze3wn@virginia.edu,Confirmed,UVA School of Data Science,"UVA Data Science profile, plus an April 2026 UVA seminar listing him as an assistant professor.",https://datascience.virginia.edu/people/chirag-agarwal
9,Ahn,Yong-Yeol,PI,NSF,1,yyahn@virginia.edu,Confirmed,UVA School of Data Science,A 2026 talk announcement names him Quantitative Foundation Distinguished Professor at UVA's School of Data Science; he has a virginia.edu email.,https://www.sicrc.cau.ac.kr/공지사항-및-새소식/notice
10,Ai,Huiwang,Contact PI,NIH,3,,Confirmed,UVA Dept of Molecular Physiology & Biological Physics,"UVA Faculty Senate page lists him as a professor, with a committee term ending in 2028.",https://facultysenate.virginia.edu/node/5491
11,Ait-Daoud Tiouririne,Nassima,Contact PI,NIH,1,,Confirmed,UVA Dept of Psychiatry and Neurobehavioral Sciences (Chair),A 2026 Becker's report says UVA named her permanent chair of Psychiatry.,https://www.beckersbehavioralhealth.com/?p=12094
12,Alemazkoor,Negin,Co-PI,NSF,1,na7fp@virginia.edu,Confirmed,UVA Engineering (Link Lab),UVA Link Lab faculty listing shows her as an assistant professor.,https://engineering.virginia.edu/labs-groups/link-lab/participating-faculty?letter=a
13,Alemzadeh,Homa,PI,NSF,2,ha4d@virginia.edu,Confirmed,UVA Dept of Electrical and Computer Engineering,UVA Engineering faculty profile lists her as an associate professor.,https://engineering.virginia.edu/faculty/homa-alemzadeh
14,Alhusen,Jeanne,Contact PI,NIH,2,,Confirmed,UVA School of Nursing (Interim Dean),UVA leadership page says she became interim dean of the School of Nursing in August 2026.,https://www.uvahealth.com/about/leadership/dean-school-of-nursing
15,Allen,Jason,Contact PI,NIH,1,,Confirmed,UVA Kinesiology / Cardiovascular Medicine,"His Jan 2025 CV, hosted by UVA, and the UVA SOM faculty listing both show him as a professor.",https://www.cvrc.virginia.edu/wp-content/uploads/2025/01/Jason-D-Allen-Curriculum-Vitae-21-JAN-25.pdf
16,Allen,Joseph,"Contact PI, Multi-PI",NIH,2,,Confirmed,"University of Virginia, Dept. of Psychology",Joseph P. Allen is described as current Hugh P. Kelly Professor of Psychology at UVA; no evidence he has left.,https://en.wikipedia.org/wiki/Joseph_P._Allen_(psychologist)
17,Allen,Joseph,Co-PI,NSF,1,jgallen@hsph.harvard.edu,Negative,hsph.harvard.edu,External collaborator: NSF lists only a non-UVA email.,
18,Allen,Timothy,PI,NSF,1,teallen@virginia.edu,Possible,Unknown (grant email virginia.edu),Search found no UVA page for Timothy Allen; only namesakes elsewhere.,
19,Alston,Sharon,Co-PI,NSF,1,stalston@nsu.edu,Negative,nsu.edu,External collaborator: NSF lists only a non-UVA email.,
20,Ambati,Jayakrishna,Contact PI,NIH,2,,Confirmed,"UVA School of Medicine, Ophthalmology",Current UVA faculty profile; named to The Ophthalmologist Power List 2026.,https://med.virginia.edu/ophthalmology/faculty/jayakrishna-ambati-md/
21,Anderson,Kelley,Contact PI,NIH,1,,Confirmed,UVA School of Nursing,"Joined UVA Nursing as associate professor in 2024, coming from Georgetown; heart failure research.",https://nursing.virginia.edu/news/new-faculty-2024/
22,Arandjelovic,Sanja,Contact PI,NIH,2,,Possible,UVA School of Medicine (as of 2023),Only a 2023 UVA SOM news item lists her as assistant professor with NIH RA awards.,https://news.med.virginia.edu/?p=12089
23,Arnold,Peter,PI,NSF,1,pa6z@virginia.edu,Possible,Unknown (grant email virginia.edu),No UVA page found for Peter Arnold in search results.,
24,Arras,Philip,PI,NSF,1,arras@virginia.edu,Possible,UVA Astronomy (as of 2008),Only a 2008 UVA News mention of astronomer Philip Arras found.,https://news.virginia.edu/content/anne-e-bromley?page=161
25,Asadi,Somayeh,PI,NSF,3,rkn3gr@virginia.edu,Possible,Unknown (grant email virginia.edu),No search result linked Somayeh Asadi to UVA.,
26,Azimi,Parham,Co-PI,NSF,1,pazimi@hsph.harvard.edu,Negative,hsph.harvard.edu,External collaborator: NSF lists only a non-UVA email.,
27,Badhwar,Vinay,Multi-PI,NIH,1,,Negative,West Virginia University (WVU Medicine),Chair of Cardiovascular and Thoracic Surgery at WVU and 2026 STS president; Multi-PI co-lead elsewhere.,https://doctors.wvumedicine.org/profile/?id=598
28,Baek,Stephen,PI,NSF,1,baek@virginia.edu,Confirmed,UVA School of Data Science,Current UVA Provost/Shannon Center profile lists him as associate professor of data science.,https://shannon-center.provost.virginia.edu/stephen-baek
29,Baessler,Stefan,PI,NSF,1,sfb5d@virginia.edu,Possible,Unknown (grant email virginia.edu),No search result confirmed Stefan Baessler at UVA Physics.,
30,Bailey,Robert,Co-PI,NSF,1,rrb5b@virginia.edu,Possible,Unknown (grant email virginia.edu),Common name; no UVA-affiliated Robert Bailey found.,
31,Bajikar,Sameer,Contact PI,NIH,1,,Confirmed,"UVA School of Medicine, Cell Biology / Cancer Center",Joined UVA as assistant professor of cell biology in Sept 2024.,https://med.virginia.edu/cancer-research/about-us/news/news-archive-2024/sameer-bajikar-phd-joins-cancer-center-research-faculty/
32,Band,Lawrence,Co-PI,NSF,1,lband@virginia.edu,Possible,Unknown (grant email virginia.edu),Search returned nothing relevant for Lawrence Band at UVA.,
33,Bao,Huan,"Contact PI, Multi-PI",NIH,2,,Confirmed,"UVA School of Medicine, Molecular Physiology and Biological Physics",2025 NIH R35 award and a 2026 job posting for the Bao Lab at UVA's Membrane Biology Center; formerly Scripps.,https://jobs.anitab.org/companies/university-of-virginia-2/jobs/75799533-post-doc-research-associate
34,Barker,Thomas,Contact PI,NIH,1,,Confirmed,UVA Biomedical Engineering,UVA CVRC faculty profile; FY2026 award administered by UVA.,https://www.cvrc.virginia.edu/faculty-individual/?Id=147
35,Barnes,Laura,"Contact PI, PI","NIH, NSF",2,lbarnes@virginia.edu,Confirmed,UVA Systems and Information Engineering,UVA engineering faculty directory lists her as professor and Link Lab associate director.,https://engineering.virginia.edu/faculty/b?page=0
36,Bates,Jason,PI,NSF,2,jsb9vw@virginia.edu,Possible,Unknown (grant email virginia.edu),No UVA-affiliated Jason Bates found in search.,
37,Bauer,Todd,Multi-PI,NIH,1,,Confirmed,"UVA Health, Surgery (Surgical Oncology)","Current UVA Health provider page and faculty listing: Watts Professor, Chief of Surgical Oncology.",https://uvahealth.com/provider/todd-bauer-1568551034
38,Bayliss,Douglas,Contact PI,NIH,2,,Confirmed,"UVA School of Medicine, Pharmacology",UVA SOM pages list him as Pharmacology chair; profiled May 2024; no evidence he has left.,https://news.med.virginia.edu/newsletter/5-16-24-issue/
39,Beenhakker,Mark,Contact PI,NIH,4,,Confirmed,"UVA School of Medicine, Pharmacology",UVA faculty listing plus May 2025 'Research in Motion' feature.,https://med.virginia.edu/pharm/2025/05/22/research-in-motion-mark-beenhakker-phd/
40,Behl,Madhur,PI,NSF,1,mb2kg@virginia.edu,Possible,Unknown (grant email virginia.edu),Search returned no UVA page for Madhur Behl.,
41,Bekiranov,Stefan,Co-PI,NSF,2,sb3de@virginia.edu,Confirmed,"UVA School of Medicine, Biochemistry and Molecular Genetics",Current med.virginia.edu faculty listing as Professor of BMG; 2023-2025 publications.,https://med.virginia.edu/faculty/faculty-listing/sb3de/
42,Beling,Andreas,Co-PI,NSF,1,ab3pj@virginia.edu,Confirmed,UVA Electrical and Computer Engineering,UVA Engineering faculty profile; co-author on 2026 Optics Express paper with Joe Campbell.,https://engineering.virginia.edu/faculty/andreas-beling
43,Bell,Laura,Contact PI,NIH,1,,Possible,Unclear (possibly UVA research associate),"Only a payroll-site listing of a Laura Bell, Research Associate at UVA; no profile, common name.",https://openpayrolls.com/employee/brian-belyea-4164
44,Bergland,Alan,PI,NSF,1,aob2x@virginia.edu,Possible,Likely UVA Biology (unverified),Search returned no results for him; UVA Biology affiliation not confirmed by sources.,
45,Bergner,Julia,Co-PI,NSF,1,jeb2md@virginia.edu,Confirmed,UVA Mathematics,Professor of Mathematics at UVA since 2016; UVA PhD students advised through 2025.,https://en.wikipedia.org/wiki/Julie_Bergner
46,Bezzo,Nicola,PI,NSF,1,nb6be@virginia.edu,Possible,Likely UVA Engineering (unverified),Search returned no results for Bezzo; affiliation not confirmed.,
47,Bhowmick,Aklant,Co-PI,NSF,1,whm4dg@virginia.edu,Confirmed,"UVA Astronomy (GECO Fellow, postdoc)","Listed as GECO Fellow in UVA Astronomy people directory; postdoc, no date given.",https://astronomy.as.virginia.edu/node/3696
48,Bielinsky,Anja-Katrin,Contact PI,NIH,1,,Confirmed,"UVA School of Medicine, Chair of Biochemistry and Molecular Genetics",UVA BMG pages list her as Chair (since 2022) with a Pinn Hall lab.,https://med.virginia.edu/bmg/faculty-seeking-phd-students/
49,Bilchick,Kenneth,Co-PI,NSF,1,kcb7f@uvahealth.org,Confirmed,"UVA Health, Cardiovascular Medicine",Current UVA Health provider profile and med.virginia.edu faculty listing as Professor of Medicine.,https://uvahealth.com/providers/kenneth-bilchick-1578619771
50,Bilodeau,Camille,"PI, Co-PI",NSF,2,cur5wz@virginia.edu,Confirmed,UVA Chemical Engineering,UVA Engineering faculty listing; 2025 NSF CAREER award news as UVA assistant professor.,https://engineering.virginia.edu/faculty/b?page=2
51,Bland,Michelle,"Contact PI, Multi-PI",NIH,2,,Confirmed,"UVA School of Medicine, Pharmacology",Associate Professor of Pharmacology; May 2025 UVA Pharmacology 'Research in Motion' feature.,https://med.virginia.edu/pharm/category/news/page/3/
52,Blemker,Silvia,Multi-PI,NIH,1,,Confirmed,UVA Biomedical Engineering,"UVA Engineering profile; Jan/Feb 2025 UVA School of Medicine news (NAI Fellow, Innovator of the Year).",https://engineering.virginia.edu/faculty/silvia-salinas-blemker
53,Bolton,Matthew,PI,NSF,1,mlb4b@virginia.edu,Confirmed,UVA Systems and Information Engineering,Associate Professor and Director of Graduate Studies at UVA SIE; faculty senate term through 2027.,https://engineering.virginia.edu/department/systems-and-information-engineering/people
54,Bonfand-Caldeira,Mélisse,Co-PI,NSF,1,pgu4gb@virginia.edu,Confirmed,UVA Astronomy (VICO postdoctoral fellow),Listed as VICO fellow in UVA Astronomy directory and Garrod group; 2024 department news.,https://astronomy.as.virginia.edu/node/3696
55,Borish,Larry,Contact PI,NIH,1,,Confirmed,"UVA Health, Asthma/Allergy/Immunology",Current UVA Health provider profile (accepting patients) as Professor of Medicine.,https://www.uvahealth.com/providers/Larry-Borish-1316016934
56,Bradshaw,Catherine,Contact PI,NIH,1,,Confirmed,UVA School of Education and Human Development,UVA Senior Associate Dean for Research; received 2025 SPR Presidential Award.,https://en.wikipedia.org/wiki/Catherine_P._Bradshaw
57,Bredella,Miriam,Multi-PI,NIH,1,,Negative,NYU Langone Health,UVA page describes her as NYU Langone Associate Dean/CTSI Director; she only gave a 2024 UVA visiting lecture.,https://med.virginia.edu/radiology/2024/10/22/uva-radiology-visiting-professor-lecture-revealing-the-unseen-with-dr-miriam-a-bredella/
58,Brenton,James,Contact PI,NIH,1,,Confirmed,"UVA Health Children's, Pediatric Neurology",J. Nicholas Brenton leads UVA Health Children's Pediatric MS clinic per current uvahealth.com pages (first name James inferred from initial).,https://childrens.uvahealth.com/conditions/pediatric-multiple-sclerosis
59,Breton,Marc,Contact PI,NIH,2,,Confirmed,UVA Center for Diabetes Technology,Current UVA Center for Diabetes Technology pages list him as faculty/associate director of research.,https://med.virginia.edu/diabetes-technology/?p=164
60,Brodie,Edmund,PI,NSF,2,bbrodie@virginia.edu,Confirmed,UVA Dept of Biology / Mountain Lake Biological Station,UVA Biology profile lists him as B.F.D. Runk Professor and MLBS director.,https://bio.as.virginia.edu/people/edmund-d-brodie-iii
61,Brown,Donald,"Contact PI, Co-PI","NIH, NSF",3,deb@virginia.edu,Confirmed,UVA School of Data Science / Systems Engineering,UVA School of Data Science profile lists him as Senior Associate Dean for Research / professor.,https://datascience.virginia.edu/people/donald-brown
62,Brown,Michael,Multi-PI,NIH,1,,Possible,unknown,"Two searches found no UVA Michael Brown matching an NIH Multi-PI; common name, unresolved.",
63,Brown,Sue,Multi-PI,NIH,3,,Confirmed,UVA Endocrinology / Center for Diabetes Technology,"UVA faculty pages list Sue A. Brown, MD as professor of medicine and medical director of Center for Diabetes Technology.",https://med.virginia.edu/diabetes-technology/faculty/sue-brown-md/
64,Burns,Kory,Co-PI,NSF,1,koryburns@virginia.edu,Confirmed,UVA Dept of Materials Science and Engineering,UVA Engineering lists him as assistant professor of MSE since summer 2024; Burns Research Group active.,https://engineering.virginia.edu/labs-groups/burns-research-group/blogs/successful-proposal-defenses
65,Bushweller,John,Contact PI,NIH,1,,Confirmed,"UVA School of Medicine, Molecular Physiology/Chemistry",Current med.virginia.edu faculty listing and UVA Chemistry profile; 2023 leukemia grant news.,https://med.virginia.edu/faculty/faculty-listing/jhb4v/
66,Cafiso,David,Contact PI,NIH,1,,Confirmed,UVA Dept of Chemistry,UVA Chemistry pages and a Sept 2025 seminar listing show him as active professor.,https://chemistry.as.virginia.edu/print/9691
67,Cai,Chuanxi,Contact PI,NIH,1,,Possible,Unknown,No search results linking Chuanxi Cai to UVA.,
68,Cai,Liheng,"Contact PI, PI","NIH, NSF",2,liheng.cai@virginia.edu,Confirmed,UVA Depts of Materials Science & Engineering and Chemical Engineering,UVA News/2024 reports show him as UVA Engineering faculty with NIH MIRA.,https://bioengineer.org/uva-engineering-professor-lands-1-9-million-nih-award-to-maximize-biomedical-research/
69,Caliari,Steven,Contact PI,NIH,1,,Possible,Likely UVA Engineering,Only a Feb 2023 UVA Today article (Research Excellence Award); no 2025-2026 evidence found.,https://news.virginia.edu/node/357641
70,Campbell,Adrienne,Multi-PI,NIH,1,,Possible,Unknown (may be Multi-PI elsewhere),No search results linking Adrienne Campbell to UVA.,
71,Campbell,Bradford,"PI, Co-PI",NSF,5,bjc8c@virginia.edu,Confirmed,UVA Computer Science / ECE (Link Lab),"Listed on UVA Engineering faculty pages (including a 2026 page) in CS, ECE and Link Lab.",https://engineering.virginia.edu/faculty?page=5
72,Campbell,Joe,"PI, Co-PI",NSF,2,jcc7s@virginia.edu,Confirmed,UVA Electrical and Computer Engineering,UVA Engineering faculty profile (Lucien Carr III Professor); co-author on 2026 paper with UVA colleagues.,https://engineering.virginia.edu/faculty/joe-charles-campbell
73,Campbell,John,Contact PI,NIH,2,,Possible,,Search found no John Campbell at UVA (common name; other John Campbells at UMaryland etc.).,
74,Canderan,Glenda,Contact PI,NIH,1,,Possible,,No web results for Glenda Canderan at UVA.,
75,Cang,Jianhua,Contact PI,NIH,3,,Confirmed,"University of Virginia, Biology/Psychology",Current UVA Biology faculty profile and Cang lab site; Jefferson Scholars Foundation chaired professor.,https://bio.as.virginia.edu/people/jianhua-jc-cang
76,Carlson,Andrew,Contact PI,NIH,1,,Possible,,No UVA Andrew Carlson found; results were people at other institutions.,
77,Casanova,James,Contact PI,NIH,1,,Possible,,No web results for James Casanova at UVA.,
78,Castorani,Max,PI,NSF,2,castorani@virginia.edu,Confirmed,"University of Virginia, Environmental Sciences",UVA EVSC profile and Castorani lab site with 2026 lab activity; virginia.edu email on grant.,https://evsc.as.virginia.edu/castorani
79,Chabalengula,Vivien,Co-PI,NSF,1,mweene@virginia.edu,Possible,University of Virginia (per grant email),Only the virginia.edu email on the NSF grant; search found no profile.,
80,Chalfant,Charles,Contact PI,NIH,3,,Confirmed,"UVA School of Medicine, Hematology & Oncology","Current med.virginia.edu faculty profile, Professor of Medicine (formerly at VCU).",https://med.virginia.edu/hematology-oncology/charles-e-chalfant-phd
81,Chamberlain,James,Multi-PI,NIH,1,,Possible,,No James Chamberlain at UVA found; Multi-PI may be at another institution.,
82,Chandler,Heather,Multi-PI,NIH,1,,Possible,,No Heather Chandler at UVA found (an unrelated one is at U Wyoming); Multi-PI may be elsewhere.,
83,Chang,Qing,PI,NSF,1,qc9nq@virginia.edu,Possible,University of Virginia (per grant email),Only the virginia.edu email on the NSF grant; search found no profile.,
84,Charlton,Jennifer,Contact PI,NIH,1,,Confirmed,"UVA Health, Pediatric Nephrology",Current UVA Health children's provider profile; associate professor of pediatric nephrology.,https://childrens.uvahealth.com/providers/Jennifer-Charlton-1558485524
85,Chen,Chen,PI,NSF,4,zrh6du@virginia.edu,Possible,University of Virginia (per grant email),Common name; only a DBLP entry with a UVA affiliation plus the virginia.edu grant email.,https://dblp1.uni-trier.de/pid/65/4423-21.html
86,Cheng,Lily,Contact PI,NIH,2,,Possible,University of Virginia (per NIH aggregator),Only an NIH-funding aggregator lists Lily S. Cheng at UVA with an FY2024 K08; no UVA profile found.,https://conductscience.com/sciencedex/investigators/lily-s-cheng
87,Cheng,Yue,PI,NSF,3,mrz7dp@virginia.edu,Confirmed,"University of Virginia, Data Science and Computer Science",UVA engineering faculty listing and UVA-hosted CV show him as assistant professor since 2022 (formerly at GMU).,https://api.dsi.virginia.edu/sites/default/files/2022-08/YueCheng_CV.pdf
88,Cheon,In Su,Multi-PI,NIH,1,,Possible,,No web results for In Su Cheon at UVA; Multi-PI may be elsewhere.,
89,Chisholm,Christian,Contact PI,NIH,1,,Confirmed,"UVA Health, Obstetrics and Gynecology",Current uvahealth.com provider profile; John M. Nokes Professor of OB/GYN at UVA.,https://uvahealth.com/providers/christian-chisholm-1013086636
90,Chiu,Jennifer,"PI, Co-PI",NSF,4,jlchiu@virginia.edu,Possible,"University of Virginia, School of Education and Human Development","ASCD and Berkeley WISE pages place her at UVA, but undated and not a UVA profile; virginia.edu email on grant.",https://ascd.org/people/jennifer-chiu
91,Cho,Michael,Multi-PI,NIH,1,,Possible,,"No Michael Cho at UVA found (others at Iowa State, Duke); Multi-PI may be elsewhere.",
92,Chong,Zechen,Contact PI,NIH,1,,Possible,,No web results for Zechen Chong at UVA.,
93,Chow,Philip,"Contact PI, Multi-PI",NIH,3,,Confirmed,"UVA School of Medicine, Psychiatry and Neurobehavioral Sciences","Current med.virginia.edu faculty listing; associate professor, Center for Behavioral Health & Technology.",https://med.virginia.edu/faculty/faculty-listing/pic2u/
94,Civelek,Mete,Multi-PI,NIH,2,,Confirmed,"UVA School of Medicine, Biomedical Engineering / Cardiovascular Research Center",Civelek Lab at UVA CVRC; appears in a January 2025 UVA news item on research.,https://www.cvrc.virginia.edu/tag/civelek
95,Clarens,Andres,PI,NSF,2,afc7r@virginia.edu,Confirmed,UVA Engineering,Clarens Lab page is live on engineering.virginia.edu; no sign he has left.,https://engineering.virginia.edu/labs-groups/clarens-lab/news
96,Clark,Timothy,Multi-PI,NIH,1,,Possible,unknown,"Search found no Timothy Clark at UVA; common name, and NIH Multi-PI could be at another institution.",
97,Cleeves,Lauren,PI,NSF,1,lic3f@virginia.edu,Confirmed,UVA Astronomy/Chemistry,L. Ilsedore (Ilse) Cleeves is UVA Astronomy faculty per department pages; awards dated 2022.,https://astronomy.as.virginia.edu/news/two-astronomy-faculty-win-research-achievement-awards
98,Cliffe,Anna,Contact PI,NIH,5,,Confirmed,"UVA SOM, Microbiology, Immunology & Cancer Biology",Cliffe Lab site exists on med.virginia.edu (MIC); the snippet did not show her name.,https://med.virginia.edu/cliffe/?p=108
99,Cohen,Julie,PI,NSF,1,jjc7f@virginia.edu,Confirmed,UVA School of Education and Human Development,UVA Education hosts her CV; associate professor and Charles S. Robb Professor since 2022.,https://education.virginia.edu/documents/cohen-juliecv2022-12pdf
100,Cole,Veronica,Co-PI,NSF,1,colev@wfu.edu,Negative,wfu.edu,External collaborator: NSF lists only a non-UVA email.,
101,Colmer,Jonathan,PI,NSF,1,jonathan.colmer@virginia.edu,Confirmed,UVA Economics / Batten School,Batten School profile lists him as associate professor and director of the Environmental Inequality Lab.,https://batten.virginia.edu/people/jonathan-colmer
102,Colson,Eve,Multi-PI,NIH,2,,Possible,unknown (likely another institution),No UVA link found for Eve Colson; the NIH Multi-PI is probably a co-lead elsewhere.,
103,Colston,Josh,Contact PI,NIH,1,,Confirmed,UVA School of Medicine,"UVA SOM news 'Research in Motion' profile of Josh Colston, PhD, dated Nov 2025.",https://news.med.virginia.edu/?p=51492
104,Columbus,Linda,Contact PI,NIH,1,,Confirmed,UVA Chemistry,UVA Chemistry lists her as Commonwealth Professor and chair.,https://chemistry.as.virginia.edu/prof-linda-columbus-named-commonwealth-professor-chemistry
105,Conaway,Mark,"Contact PI, Multi-PI",NIH,3,,Confirmed,"UVA SOM, Public Health Sciences",UVA faculty profile lists him as professor in Public Health Sciences; his FDA CV is dated Mar 2025.,https://med.virginia.edu/faculty/faculty-listing/mrc6j/
106,Connelly,Jessica,Contact PI,NIH,1,,Possible,UVA Psychology (likely),Only Wikipedia and an IMPRS faculty list tie her to UVA Psychology; no dated virginia.edu source found.,https://en.wikipedia.org/wiki/Jessica_J._Connelly
107,Cook,Bryan,Co-PI,NSF,1,bc3qu@virginia.edu,Confirmed,UVA School of Education and Human Development,UVA Education faculty profile and a May 2024 CV list him as professor.,https://education.virginia.edu/bryan-cook
108,Cope,Elise,Contact PI,NIH,3,,Confirmed,"UVA SOM, Neuroscience","UVA SOM faculty listing shows her as assistant professor running the Cope Lab, with an active R01.",https://med.virginia.edu/faculty/faculty-listing/zxg4ym/
109,Cowardin,Carrie,Contact PI,NIH,1,,Possible,UVA School of Medicine,"2024 UVA Health news covers Carrie Cowardin, PhD's undernutrition research; no 2025-26 source found.",https://news.med.virginia.edu/research/carrie-cowardin-phd-and-colleagues-develop-new-tool-to-better-understand-devastating-effects-of-childhood-undernutrition/
110,Cox,Daniel,Multi-PI,NIH,1,,Possible,UVA Dept of Psychiatry and Neurobehavioral Sciences (as of 2023),"Daniel J. Cox, PhD, UVA psychiatry professor with NIH diabetes R01 in 2023 news; no 2025-2026 evidence found.",https://news.med.virginia.edu/newsletter/8-24-23-issue/
111,Cox,Robert,PI,NSF,1,rmc3u@virginia.edu,Confirmed,UVA Dept of Biology,UVA Biology/Expand faculty profile for Robert Cox (reptile evolutionary ecology).,https://expand.virginia.edu/people/robert-cox
112,Crescenzi,Rachelle,Contact PI,NIH,2,,Confirmed,UVA Dept of Radiology and Medical Imaging,UVA news May 2026: associate professor of radiology secures $6.5M NHLBI R35.,https://med.virginia.edu/radiology/2026/05/07/rachelle-crescenzi-phd-secures-6-5-million-for-mri-research-to-address-chronic-lymphatic-diseases/
113,Crisman,Phoebe,Co-PI,NSF,1,pc4v@virginia.edu,Confirmed,UVA School of Architecture,"Current arch.virginia.edu profile; Global Studies director 2019-2025, IRC principal.",https://www.arch.virginia.edu/people/phoebe-crisman
114,Criss,Alison,"Contact PI, Multi-PI",NIH,3,,Possible,"UVA Dept of Microbiology, Immunology, and Cancer Biology (as of 2017)",Only 2017-era evidence of UVA microbiology faculty / GIDI director role found.,https://wiareport.com/2017/06/eight-women-scholars-taking-new-roles-colleges-universities/
115,Crump,Colin,Multi-PI,NIH,1,,Negative,"University of Cambridge, Dept of Pathology",Colin Crump is Professor of Molecular Virology at Cambridge; no UVA link (external Multi-PI).,https://www.path.cam.ac.uk/people/colin-crump
116,Cui,Jiaming,Multi-PI,NIH,1,,Negative,"Virginia Tech, Dept of Computer Science",Jiaming Cui is an assistant professor at Virginia Tech; no UVA link (external Multi-PI).,https://website.cs.vt.edu/people/faculty/jiaming-cui.html
117,Cui,Yiyun,Co-PI,NSF,1,ycui10@umd.edu,Negative,umd.edu,External collaborator: NSF lists only a non-UVA email.,
118,Culp,Stephen,Multi-PI,NIH,1,,Possible,UVA Dept of Urology (as of 2024),UVA Health urologist and Medical Faculty Senate chair per 2024 coverage; no 2025-2026 confirmation.,https://parrhesiastes.substack.com/p/a-great-heart-why-dr-stephen-culp-is-fighting-for-uva-health
119,Culver,Silas,Contact PI,NIH,1,,Possible,"UVA Health, Endocrinology",Undated UVA Medicine Matters faculty profile of an endocrinologist (fellowship done 2017); no recent source.,https://news.med.virginia.edu/medicinematters/?p=19989
120,Daniero,James,Contact PI,NIH,1,,Confirmed,"UVA Health, Otolaryngology-HNS",Current UVA Health provider page and UVA Otolaryngology faculty page.,https://uvahealth.com/provider/james-daniero-1386817484
121,Davidson,Jack,Co-PI,NSF,1,jwd@virginia.edu,Confirmed,UVA Dept of Computer Science,"Current engineering.virginia.edu faculty profile, Professor of Computer Science.",https://engineering.virginia.edu/faculty/jack-w-davidson
122,Davis,Jennifer,Multi-PI,NIH,1,,Possible,unknown,"Common name; search found UVA COO Jennifer Wagner Davis and unrelated physicians, nothing matching an NIH researcher; follow-up not run.",
123,Davis,Shane,"PI, Co-PI",NSF,2,swd8g@virginia.edu,Possible,unknown,Two searches found no UVA page for Shane Davis; only the virginia.edu email ties him to UVA.,
124,De Wekker,Stephan,PI,NSF,1,sfd3d@virginia.edu,Confirmed,UVA Environmental Sciences,Listed as PI on the UVA EVSC atmospheric page; taught EVSC courses in Spring 2025.,https://atmos.evsc.virginia.edu/principal-investigators
125,Deans,Sarah,Co-PI,NSF,2,scl9qp@virginia.edu,Possible,unknown,No search result for Sarah Deans at UVA; only the virginia.edu email ties her to UVA.,
126,Deboer,Mark,Contact PI,NIH,1,,Confirmed,"UVA Health, Pediatric Endocrinology",Current UVA Health / UVA Children's provider profile.,https://uvahealth.com/providers/Mark-DeBoer-1730100868
127,Derre,Isabelle,Contact PI,NIH,3,,Confirmed,"UVA SOM, Microbiology, Immunology & Cancer Biology",UVA faculty listing shows her as associate professor; a 2026 Derré Lab postdoc posting exists.,https://med.virginia.edu/faculty/faculty-listing/id8m/
128,Desai,Bimal,Contact PI,NIH,1,,Possible,"UVA SOM, Pharmacology (likely)",UVA Pharmacology news shows him there through 2023 (Shannon fellowship); no 2025-26 source found.,https://med.virginia.edu/pharm/category/news/page/19/
129,Devall,Matthew,Contact PI,NIH,1,,Confirmed,"UVA School of Medicine, Family Medicine",UVA Family Medicine profile says promoted to tenure-track Assistant Professor in Aug 2025; runs Devall Lab.,https://med.virginia.edu/family-medicine/faculty-and-nurse-practitioners/matthew-devall-phd/
130,Dighe,Abhijit,Multi-PI,NIH,1,,Possible,Unknown,No search result links an Abhijit Dighe to UVA; Multi-PI may be at another institution.,
131,Doabler,Christian,Co-PI,NSF,1,cdoabler@austin.utexas.edu,Negative,austin.utexas.edu,External collaborator: NSF lists only a non-UVA email.,
132,Dokholyan,Nikolay,Contact PI,NIH,1,,Confirmed,"UVA School of Medicine, Neurology",Moved from Penn State to UVA Neurology in 2025; UVA faculty listing shows him as Professor of Neurology.,https://med.virginia.edu/faculty/faculty-listing/axp2yt/
133,Dolatshahi,Sepideh,Contact PI,NIH,1,,Confirmed,UVA Biomedical Engineering,Sept 2025 UVA Child Health Research Center seminar lists her as UVA BME faculty.,https://med.virginia.edu/chrc/2025/09/02/9-19-2026-sepideh-dolatshahi-phd/
134,Donowitz,Jeffrey,Contact PI,NIH,1,,Confirmed,"UVA School of Medicine, Pediatric Infectious Diseases",Current UVA Health provider profile and Petri lab page list him as a pediatric ID physician at UVA.,https://www.uvahealth.com/providers/Jeffrey-Donowitz-1609196013
135,Doryab,Afsaneh,PI,NSF,1,ad4ks@virginia.edu,Confirmed,"UVA Engineering, Systems & Information Engineering / Computer Science",UVA Engineering faculty and Link Lab pages list her as Assistant Professor in SIE and CS.,https://engineering.virginia.edu/department/systems-and-information-engineering/people
136,Downer,Jason,PI,NSF,1,jd2fe@Virginia.edu,Possible,UVA School of Education and Human Development (likely),Only 2024 payroll data and older UVA news show him at UVA; no 2025-2026 evidence found.,https://openpayrolls.com/jason-downer-155138944
137,Drew,Patrick,Multi-PI,NIH,1,,Negative,Penn State University,The only Patrick Drew who fits the field is a neuroscience professor at Penn State; nothing links him to UVA.,https://sites.esm.psu.edu/people/directory/resume.php?id=pjd17
138,DuBay,Kateri,PI,NSF,1,dubay@virginia.edu,Confirmed,UVA Department of Chemistry,"Current UVA chemistry, gen-ed and lab pages list her as chemistry faculty (Associate Professor).",https://engagements.as.virginia.edu/people/kateri-dubay
139,Dudley,Andrew,"Contact PI, Multi-PI",NIH,4,,Confirmed,"UVA School of Medicine, Microbiology, Immunology & Cancer Biology",March 2026 UVA CVRC event lists him as Harrison Distinguished Professor.,https://www.cvrc.virginia.edu/events/2026-03-10/
140,Duska,Linda,Contact PI,NIH,1,,Confirmed,"UVA School of Medicine, Gynecologic Oncology",Recent coverage lists her as Professor and Associate Dean for Clinical Research at UVA SOM.,https://cvillerightnow.com/?p=22661
141,Dwyer,Matthew,Co-PI,NSF,4,md3cn@virginia.edu,Confirmed,"UVA Engineering, Computer Science",Current UVA Engineering profile lists him as Robert Thomson Distinguished Professor of CS; 2025 conference profiles also give UVA.,https://engineering.virginia.edu/faculty/matthew-b-dwyer
142,Dwyer,Noelle,Contact PI,NIH,2,,Confirmed,"UVA School of Medicine, Cell Biology","UVA neuroscience profile, plus a Dec 2025 lab postdoc posting, list her as Associate Professor of Cell Biology at UVA.",https://neuroscience.virginia.edu/node/866
143,Ebrahim,Seham,Contact PI,NIH,2,,Confirmed,"UVA School of Medicine, Molecular Physiology & Biological Physics",UVA Ebrahim lab page and a March 2026 UPenn seminar list her at UVA MPBP.,https://med.virginia.edu/ebrahim-lab/people/
144,Egelman,Edward,Contact PI,NIH,1,,Confirmed,"UVA School of Medicine, Biochemistry & Molecular Genetics",Harrison Distinguished Professor at UVA; gave an April 2025 lecture with UVA affiliation.,https://en.wikipedia.org/wiki/Edward_H._Egelman
145,Eizirik,Decio,Multi-PI,NIH,1,,Negative,Indiana Biosciences Research Institute (formerly ULB Brussels),Named a research fellow at Indiana Biosciences Research Institute; earlier directed the ULB diabetes center; no UVA connection found.,https://www.insideindianabusiness.com/articles/ibri-announces-diabetes-research-team-decio-eizirik
146,Elbaum,Sebastian,PI,NSF,2,selbaum@virginia.edu,Confirmed,"UVA Engineering, Computer Science",Profiles list him as UVA CS professor after leaving UNL; UNL pages are archived.,https://en.wikipedia.org/wiki/Sebastian_Elbaum
147,Elias,William,Contact PI,NIH,1,,Confirmed,"UVA Health, Neurosurgery",Current UVA Health provider profile and 2024 UVA Health news show W. Jeff Elias as UVA neurosurgeon.,https://uvahealth.com/provider/Jeff-Elias-1548339161
148,England,Paul,Co-PI,NSF,1,england.paul@gmail.com,Possible,Unknown,No result links a Paul England to UVA; grant record shows a gmail address.,
149,Epling,William,PI,NSF,2,wsepling@virginia.edu,Confirmed,"UVA Engineering, Chemical Engineering",Current UVA Engineering profile lists him as professor and chair of Chemical Engineering.,https://engineering.virginia.edu/faculty/william-epling
150,Epstein,Frederick,Contact PI,NIH,2,,Confirmed,"UVA Engineering, Biomedical Engineering","UVA faculty pages, plus a 2025 job posting, list him as Commonwealth Professor of BME and associate dean for research.",https://engineering.virginia.edu/faculty/frederick-H-Epstein
151,Erdbruegger,Uta,Contact PI,NIH,1,,Confirmed,"UVA School of Medicine, Nephrology",Current UVA nephrology lab and UVA Health provider pages list her as nephrology faculty.,https://med.virginia.edu/nephrology/research/uta-erdbrugger-md-lab/
152,Erickson,Loren,Contact PI,NIH,1,,Confirmed,"UVA School of Medicine, Dept. of Microbiology",Feb 2025 UVA SOM newsletter profiles him as Associate Professor of Microbiology; FY2026 R01 at UVA.,https://news.med.virginia.edu/newsletter/2-6-25-issue/
153,Esfarjani,Keivan,Co-PI,NSF,1,ke4c@virginia.edu,Possible,Likely UVA (virginia.edu email on NSF award),Search found no UVA page; only the grant's virginia.edu email links him to UVA.,
154,Ewald,Sarah,Contact PI,NIH,1,,Confirmed,"UVA School of Medicine, Microbiology, Immunology & Cancer Biology",Current UVA SOM faculty listing shows Sarah E. Ewald as associate professor studying Toxoplasma.,https://med.virginia.edu/faculty/faculty-listing/se2s/
155,Eyo,Ukpong,Contact PI,NIH,3,,Confirmed,"UVA School of Medicine, Dept. of Neuroscience",Current UVA SOM faculty listing shows him as Associate Professor of Neuroscience.,https://med.virginia.edu/faculty/faculty-listing/ube9q/
156,Fabris,Chiara,"Contact PI, Multi-PI",NIH,2,,Confirmed,UVA Center for Diabetes Technology,UVA Center for Diabetes Technology leadership page lists her as Associate Professor.,https://med.virginia.edu/diabetes-technology/leadership/staff/chiara-fabris-phd/
157,Fairchild,Karen,Contact PI,NIH,1,,Confirmed,"UVA School of Medicine, Pediatrics/Neonatology",UVA faculty profiles plus a Jan 2026 UVA CHRC seminar show her as Professor of Pediatrics.,https://med.virginia.edu/pediatrics/divisions/neonatology/faculty-fellows/
158,Fallahi-Sichani,Mohammad,Contact PI,NIH,2,,Confirmed,UVA Biomedical Engineering,2025 BMES application lists him as UVA BME Associate Professor; Shannon Mid-Career Fellow 2024-2027.,https://www.bmes.org/hubfs/CMBE/2025%20Council%20Elections/2025_CMBE_Council_Application_Fallahi-Sichani%2c%20Mohammad%20-%20Mohammad%20Fallahi.pdf?hsLang=en
159,Fang,Deyu,Multi-PI,NIH,1,,Negative,Northwestern University Feinberg School of Medicine,Deyu Fang is Hosmer Allen Johnson Professor of Pathology at Northwestern; likely an external Multi-PI.,https://www.feinberg.northwestern.edu/faculty-profiles/az/profile.html?xid=18408
160,Farber,Charles,Contact PI,NIH,4,,Confirmed,"UVA School of Medicine, Chair of Genome Sciences",UVA pages list him as Moore Professor and Chair of Genome Sciences; his lab posted a job in 2026.,https://med.virginia.edu/genome-sciences/a-message-from-the-chair/
161,Farhat,Aseel,PI,NSF,1,af7py@virginia.edu,Confirmed,UVA Dept. of Mathematics,UVA Math directory lists her as Associate Professor (af7py); she taught courses through Fall 2025.,https://math.virginia.edu/people/af7py/
162,Farnoud,Farzad,PI,NSF,2,ffh8x@virginia.edu,Confirmed,"UVA Engineering, ECE/CS",Current UVA Engineering faculty profile; DBLP lists UVA with 2024 papers.,https://engineering.virginia.edu/faculty/farzad-farnoud
163,Feng,Lu,PI,NSF,1,lf9u@virginia.edu,Confirmed,UVA Computer Science,Her UVA CS page (cs.virginia.edu/~lufeng) lists her as Associate Professor.,https://www.cs.virginia.edu/~lufeng/awards.html
164,Ferris,Heather,Contact PI,NIH,1,,Confirmed,"UVA Dept of Medicine, Endocrinology & Metabolism",UVA Health provider profile and UVA endocrinology page list her as associate professor.,https://uvahealth.com/provider/Heather-Ferris-1598959348
165,Finan,Patrick,Contact PI,NIH,2,,Confirmed,UVA Dept of Anesthesiology,"UVA Anesthesiology profile (Harold Carron Professor), UVA Feb 2025 research-awards feature, 2026 payroll entry.",https://med.virginia.edu/anesthesiology/our_people/patrick-h-finan-phd/
166,Fioretto,Ferdinando,PI,NSF,4,fioretto@virginia.edu,Confirmed,"UVA Engineering, Computer Science",Recent UVA research news says he was selected for the DOE Genesis Mission.,https://news.research.virginia.edu/category/computer-science/
167,Fisher-Wellman,Kelsey,Contact PI,NIH,1,,Negative,Wake Forest School of Medicine (previously East Carolina University),Results show ECU and Wake Forest Cancer Biology profiles and no UVA affiliation.,https://profiles.wakehealth.edu/display/person/kfisherw
168,Fletcher,Preston,PI,NSF,2,ptf8v@virginia.edu,Confirmed,"UVA Engineering, ECE and Computer Science","Grant name 'Preston Fletcher' resolves to P. Thomas (Tom) Fletcher (email ptf8v), who has a UVA Engineering faculty profile.",https://engineering.virginia.edu/faculty/tom-fletcher
169,Flowers,Sarah,Contact PI,NIH,1,,Possible,UVA Dept of Neuroscience (likely),Only evidence is an undated job posting for a postdoc in Dr. Sarah Flowers' NIH-funded Alzheimer's/glycomics lab at UVA Neuroscience. No faculty profile found.,https://jooble.org/jdp/-4848245395632212924
170,Floyd,Thomas,Contact PI,NIH,1,,Confirmed,UVA Dept of Anesthesiology (Cardiothoracic),UVA Anesthesiology faculty profile; payroll shows a 2024 hire and a 2026 record.,https://med.virginia.edu/anesthesiology/our_people/thomas-floyd-md/
171,Forman,Jason,Co-PI,NSF,1,jlf3m@virginia.edu,Confirmed,"UVA (Center for Applied Biomechanics, likely)",Payroll records list him as UVA Associate Professor in 2025-2026 (hired 2012). No official profile was seen.,https://openpayrolls.com/jason-forman-178537253
172,Fox,Geoffrey,"PI, Co-PI",NSF,2,vxj6mb@virginia.edu,Possible,UVA Biocomplexity Institute / Computer Science (per Wikipedia),Only Wikipedia says he is a UVA Biocomplexity professor. No dated official UVA profile was found.,https://en.wikipedia.org/wiki/Geoffrey_C._Fox
173,French,Brent,Multi-PI,NIH,1,,Possible,UVA Biomedical Engineering (likely),"UVA BME profile shows him as Professor and co-I on a 2024-2028 R01, but no dated 2025-2026 evidence.",https://engineering.virginia.edu/department/biomedical-engineering/blogs/no-1-public-blue-ridge-rankings
174,Fu,Zheng,Contact PI,NIH,1,,Possible,Unknown (a Zheng Fu was at VCU),"Two searches found no UVA page, only an older VCU Human Genetics faculty member of that name.",https://www.newswise.com/articles/media-article/652096
175,Gadrey,Shrirang,Contact PI,NIH,1,,Possible,Unknown,Search returned no page for Shrirang Gadrey at UVA.,
176,Gahlmann,Andreas,Contact PI,NIH,1,,Confirmed,UVA Dept. of Chemistry,UVA Chemistry and SOM faculty listings show him as Associate Professor of Chemistry.,https://chemistry.as.virginia.edu/people/andreas-gahlmann
177,Gao,Xinfeng,PI,NSF,1,dny7df@virginia.edu,Possible,Likely UVA (virginia.edu email on NSF award),Search found no UVA page; only the grant's virginia.edu email links them to UVA.,
178,Garcia,Alfredo,PI,NSF,1,ag7s@virginia.edu,Confirmed,UVA Systems and Information Engineering (Chair),UVA Engineering news (page shows 2026 events) says he was appointed Chair of SIE; Texas A&M page may be out of date.,https://engineering.virginia.edu/department/systems-and-information-engineering/news-and-events
179,Garcia,Melissa,Contact PI,NIH,1,,Possible,Unknown,"Common name; search found no Melissa Garcia at UVA, only people at other institutions.",
180,Garcia,Nicole,Co-PI,NSF,1,nmgarcia@umich.edu,Negative,umich.edu,External collaborator: NSF lists only a non-UVA email.,
181,Garcia-Blanco,Mariano,Contact PI,NIH,2,,Confirmed,"UVA School of Medicine, Chair of Microbiology, Immunology & Cancer Biology",June 2026 UVA SOM news reports him elected RNA Society president while he chairs MIC at UVA.,https://news.med.virginia.edu/newsletter/6-18-26-issue/
182,Garneau,Jonathan,Co-PI,NSF,1,jcg6j@hscmail.mcc.virginia.edu,Confirmed,"UVA Health, Otolaryngology-Head & Neck Surgery",Current UVA Health provider page and UVA Otolaryngology faculty page list him.,https://uvahealth.com/provider/Jonathan-Garneau-1487073516
183,Garrod,Robin,PI,NSF,2,rgarrod@virginia.edu,Confirmed,UVA Dept. of Chemistry,UVA Faculty Senate lists him as Professor of Chemistry with a term ending in 2027.,https://facultysenate.virginia.edu/node/4786
184,Gates,Alexander,PI,NSF,1,agates@virginia.edu,Confirmed,University of Virginia (Assistant Professor),"2025 UVA payroll listing shows Assistant Professor hired 2022, consistent with virginia.edu email; no evidence of departure.",https://openpayrolls.com/alexander-gates-178537458
185,Gaultier,Alban,"Contact PI, Multi-PI",NIH,3,,Confirmed,UVA Dept. of Neuroscience / Center for Brain Immunology and Glia,Current UVA Alzheimer's/neuroscience pages list him as Associate Professor of Neuroscience.,https://alzheimers.virginia.edu/node/801
186,Gazaki,Evangelia,PI,NSF,1,eg4va@virginia.edu,Possible,Unknown,"Search found no results linking Evangelia Gazaki to UVA, though the NSF record has a virginia.edu email.",
187,Geise,Geoffrey,Co-PI,NSF,1,gmg9j@virginia.edu,Confirmed,UVA Chemical Engineering,Current UVA faculty listing shows Associate Professor of Chemical Engineering and director of ChE undergraduate programs.,https://med.virginia.edu/faculty/faculty-listing/gmg9j/
188,Gelfand,Bradley,"Contact PI, Multi-PI",NIH,3,,Possible,"UVA Ophthalmology (Center for Advanced Vision Science), per 2023 evidence",The latest dated UVA evidence is an April 2023 newsletter about a grant; no 2025-2026 source found.,https://news.med.virginia.edu/newsletter/4-13-23-issue/
189,Gerling,Gregory,Contact PI,NIH,1,,Confirmed,UVA Systems and Information Engineering,UVA faculty listing and a 2026 seminar bio show him as Professor (Interim Chair) of Systems & Information Engineering at UVA.,https://med.virginia.edu/faculty/faculty-listing/gg7h/
190,Ghosh,Avik,PI,NSF,3,ag7rq@virginia.edu,Confirmed,UVA Electrical and Computer Engineering / Physics,UVA ECE faculty page and Faculty Senate listing (term ending 2026) show him as Professor.,https://engineering.virginia.edu/department/electrical-and-computer-engineering/faculty?page=2
191,Gibson,Amanda,PI,NSF,1,akg5nq@virginia.edu,Confirmed,UVA Department of Biology,Current UVA Biology profile lists her as Associate Professor of Biology.,https://bio.as.virginia.edu/people/amanda-gibson
192,Gibson,Jessie,Contact PI,NIH,1,,Possible,UVA School of Nursing (undated evidence),An undated UVA News item describes her as a UVA nurse scientist studying Huntington's disease; no 2025-2026 source found.,https://news.virginia.edu/uva-news?page=1313
193,Gilchrist,Carol,"Contact PI, Multi-PI",NIH,2,,Possible,UVA Division of Infectious Diseases and International Health (per publications),"Only publication affiliations (JoVE, a 2023-era JCI paper) in the Petri group link her to UVA; no current profile found.",https://jci.org/articles/view/166814
194,Gioeli,Daniel,Multi-PI,NIH,1,,Confirmed,"UVA Microbiology, Immunology & Cancer Biology / UVA Cancer Center","An active Gioeli Lab site on med.virginia.edu lists his publications and lab; no evidence he left, though the pages are undated.",https://med.virginia.edu/gioeli/research/publications/
195,Gluckman,Bruce,Multi-PI,NIH,1,,Negative,Penn State University (Center for Neural Engineering),Penn State directory lists him as Director of the Center for Neural Engineering; he is a multi-PI co-lead from another institution.,https://www.huck.psu.edu/directory/bruce-gluckman
196,Goldfarb,Adam,Contact PI,NIH,1,,Confirmed,UVA Department of Pathology / UVA Health,UVA Pathology administration page and UVA Health provider profile list him as Professor of Pathology.,https://www.uvahealth.com/providers/Adam-Goldfarb-1437228061
197,Golino,Hudson,PI,NSF,1,hfg9s@virginia.edu,Confirmed,UVA Department of Psychology,UVA faculty page and Faculty Senate listing (term ending 2028) show him as Associate Professor of Quantitative Methods.,https://facultysenate.virginia.edu/node/5916
198,Gomez,Roberto,Contact PI,NIH,1,,Confirmed,UVA Pediatrics / Child Health Research Center (R. Ariel Gomez),"UVA CHRC pages list R. Ariel Gomez, Harrison Distinguished Professor of Pediatrics, as CHRC Director; the grant name appears to be his first name Roberto.",https://med.virginia.edu/chrc/key-investigators/
199,Gong,Shaoqin,Multi-PI,NIH,3,,Negative,University of Wisconsin-Madison,UW-Madison profile lists her as Vilas Distinguished Professor of Ophthalmology; she is a multi-PI co-lead from another institution.,https://molpharm.wisc.edu/staff/gong-ms-phd-shaoqin-sarah/
200,Goodall,Jonathan,PI,NSF,1,goodall@virginia.edu,Confirmed,UVA Civil and Environmental Engineering / Link Lab,Current UVA faculty page plus April 2026 UVA news naming him Outstanding Educator in Civil Engineering.,https://engineering.virginia.edu/faculty/jonathan-l-goodall
201,Gosain,Ankush,Contact PI,NIH,1,,Confirmed,"UVA Department of Surgery (Chief, Pediatric Surgery)",UVA Surgery faculty listing shows Professor and Chief of Pediatric Surgery; named Surgeon-in-Chief of UVA Children's in Oct 2024.,https://med.virginia.edu/surgery/overview-history/faculty-listing
202,Griffin,Donald,"Contact PI, PI, Multi-PI","NIH, NSF",3,drgriffin@virginia.edu,Confirmed,UVA Biomedical Engineering / Chemical Engineering,UVA BME leadership page lists him as Associate Professor and BME Graduate Program Director.,https://engineering.virginia.edu/department/biomedical-engineering/people/leadership-and-staff
203,Grise,Kevin,PI,NSF,1,kgrise@virginia.edu,Confirmed,UVA Department of Environmental Sciences,UVA Environmental Institute expert page and faculty listing show him as Associate Professor of Environmental Sciences.,https://environment.virginia.edu/expert/kevin-grise
204,Groninger,J.,Multi-PI,NIH,1,,Negative,Georgetown University / MedStar Washington Hospital Center,J. Hunter Groninger is Associate Professor of Medicine at Georgetown and MedStar palliative care director; he holds only a UVA faculty affiliate role.,https://conductscience.com/sciencedex/investigators/j-hunter-groninger
205,Guagliardo,Nick,Contact PI,NIH,1,,Possible,Unknown,Search found no results for Nick Guagliardo at UVA.,
206,Guilford,William,Multi-PI,NIH,1,,Confirmed,UVA Biomedical Engineering,UVA faculty listing as associate professor of BME / associate dean; ASEE papers through 2025 with UVA.,https://med.virginia.edu/faculty/faculty-listing/whg2n/
207,Guler,Ali,Contact PI,NIH,1,,Confirmed,UVA Department of Biology,Current UVA A&S profile and Guler Lab site list him as Professor of Biology at UVA.,https://engagements.as.virginia.edu/people/ali-guler
208,Guler,Jennifer,"Contact PI, PI","NIH, NSF",3,jlg5fw@virginia.edu,Confirmed,UVA Department of Biology,UVA Expand (NRT) profile lists her in Biology; virginia.edu email on grant.,https://expand.virginia.edu/people/jennifer-guler
209,Gumbiner,Barry,Contact PI,NIH,1,,Possible,UVA Department of Cell Biology (as of 2022),"Only a Dec 2022 UVA Health news item (research professor, Cell Biology, NIH R01); no newer evidence.",https://news.med.virginia.edu/news/page/298
210,Gunnoe,Thomas,PI,NSF,2,tbg7h@virginia.edu,Confirmed,UVA Department of Chemistry,"T. Brent Gunnoe, Commonwealth Professor of Chemistry; UVA lab site and 2025 seminar list UVA.",https://chemistry.as.virginia.edu/people/t-brent-gunnoe
211,Guo,Lianwang,Contact PI,NIH,4,,Confirmed,UVA Department of Surgery,"Lian-Wang Guo lab page on med.virginia.edu (Surgery, Berne CVRC); Jan 2024 UVA grant news.",https://med.virginia.edu/guo-lab/about/
212,Gutmann,Laurie,Multi-PI,NIH,1,,Negative,Indiana University School of Medicine,Chair of Neurology at IU since 2020; UVA was only residency/fellowship training.,https://www.insideindianabusiness.com/articles/iu-school-of-medicine-names-neurology-chair
213,Hageman,Michael,Multi-PI,NIH,1,,Possible,Unknown,No UVA connection found in search; likely a Multi-PI at another institution.,
214,Hagiwara,Nao,Contact PI,NIH,1,,Confirmed,UVA Department of Public Health Sciences,"UVA PHS profile: Professor of Public Health Sciences, joined UVA Aug 2023 from VCU.",https://med.virginia.edu/phs/2024/03/01/hagiwara-nao-ph-d/
215,Haines,Ashley,Co-PI,NSF,1,anhaines@nsu.edu,Negative,nsu.edu,External collaborator: NSF lists only a non-UVA email.,
216,Halme,Adrian,Multi-PI,NIH,1,,Possible,UVA Department of Cell Biology (as of 2017),Only 2016-2017 UVA Cell Biology news (promotion to associate professor); no recent profile found.,https://med.virginia.edu/cell-biology/category/news-and-highlights/page/8
217,Han,Zhe,Multi-PI,NIH,1,,Negative,University of Maryland School of Medicine,Zhe Han (Drosophila nephrocyte) is Professor of Medicine at UMSOM; no UVA appointment found.,https://www.medschool.umaryland.edu/profiles/han-zhe/
218,Harman,Walter,"Contact PI, Co-PI","NIH, NSF",2,wdh5z@virginia.edu,Possible,UVA (Professor and Dept Chair per payroll),Only third-party payroll data through 2024 shows him as UVA professor/chair; no 2025-26 UVA source found.,https://openpayrolls.com/walter-harman-155134280
219,Harris,Devin,Co-PI,NSF,1,dharris@virginia.edu,Confirmed,UVA Dept of Civil and Environmental Engineering (Chair),UVA Engineering faculty listing and profiles show him as CEE chair at UVA.,https://engineering.virginia.edu/faculty/h
220,Harris,Tajie,Contact PI,NIH,3,,Confirmed,"UVA School of Medicine, Dept of Neuroscience",UVA neuroscience lab pages and Jan 2026 news show her leading the BIG center at UVA.,https://med.virginia.edu/neuroscience/faculty/primary-faculty/tajie-h-harris-ph-d/harris-lab/
221,Harris,Thurl,"Contact PI, Multi-PI",NIH,2,,Confirmed,"UVA School of Medicine, Dept of Pharmacology",UVA Harris Lab site lists him as associate professor of pharmacology; 2024 NIH grant at UVA.,https://med.virginia.edu/harris/contact-info/
222,Harrison,Ian,"PI, Co-PI",NSF,3,harrison@virginia.edu,Confirmed,UVA Dept of Chemistry,UVA faculty listing shows him as Professor of Chemistry (surface chemistry).,https://med.virginia.edu/faculty/faculty-listing/ah8t/
223,Hartvigsen,Thomas,Co-PI,NSF,1,hartvigsen@virginia.edu,Possible,UVA School of Data Science,UVA SDS news from 2024 shows him at UVA (joined 2023); no 2025-26 source checked.,https://datascience.virginia.edu/news/departments/566?page=3
224,Hassan,Wajih Ul,PI,NSF,3,hur7wv@virginia.edu,Confirmed,UVA Dept of Computer Science,Current UVA CS personal page and UVA Engineering faculty profile list him as assistant professor.,https://www.cs.virginia.edu/~hur7wv/
225,Haydar,Dalia,Multi-PI,NIH,1,,Negative,George Washington University / Children's National Hospital,She is assistant professor of pediatrics at GWU and runs a lab at Children's National; no UVA tie.,https://research.childrensnational.org/people/haydar-dalia
226,Hayes,Benjamin,PI,NSF,2,brh5c@virginia.edu,Confirmed,UVA Dept of Mathematics,UVA Math department profile lists him as Associate Professor.,https://math.virginia.edu/people/brh5c/
227,Hayes,John,Multi-PI,NIH,1,,Possible,unknown (possibly Penn State),"Ambiguous: a NIH database links a John Edward Hayes to UVA, but a well-known John E. Hayes is at Penn State.",https://conductscience.com/sciencedex/investigators/john-edward-hayes
228,He,Jiang,Contact PI,NIH,1,,Possible,unknown (possibly UVA),Only an aggregator profile ties a Jiang He (molecular imaging) to UVA; not confirmed by a UVA source.,https://adscientificindex.com/scientist/jiang-he/1683685/
229,Hendrick,Jennifer,Contact PI,NIH,1,,Possible,Unknown,No UVA profile or news found for Jennifer Hendrick.,
230,Hendrickson,Eric,Contact PI,NIH,1,,Possible,"UVA Medicine, Hematology/Oncology (as of 2023)",2023 UVA Health news on $2.3M grant and UVA lab members page; no 2025-2026 evidence.,https://news.med.virginia.edu/?p=20304
231,Heydarian,Arsalan,"PI, Co-PI",NSF,3,ah6rx@virginia.edu,Confirmed,UVA Civil and Environmental Engineering / Link Lab,Current UVA engineering faculty profile lists him as Associate Professor.,https://engineering.virginia.edu/faculty/arsalan-heydarian
232,Heymann,Peter,Multi-PI,NIH,1,,Possible,UVA Pediatrics (Allergy/Pulmonary),"UVA CHRC key-investigator page; latest items ~2019 (honorary lecture), long-tenured so may be emeritus.",https://med.virginia.edu/chrc/key-investigators/peter-w-heymann-md/
233,Heysell,Scott,Contact PI,NIH,4,,Confirmed,UVA Division of Infectious Diseases,Current UVA ID profile: Thomas H. Hunter Professor; directs Center for Global Health Equity.,https://med.virginia.edu/infectious-diseases/heysell-lab/
234,Highley,Christopher,Contact PI,NIH,1,,Confirmed,UVA Biomedical Engineering / Chemical Engineering,"Current UVA engineering faculty directory lists him as Assistant Professor, recruiting.",https://engineering.virginia.edu/faculty/h
235,Hilinski,Michael,"Contact PI, Co-PI","NIH, NSF",2,hilinski@virginia.edu,Confirmed,UVA Department of Chemistry,UVA Chemistry pages on Hilinski Group dated through 2025; virginia.edu email.,https://chemistry.as.virginia.edu/congratulations-hilinski-group
236,Hill,Kathleen,Co-PI,NSF,1,kathyhill@psu.edu,Negative,psu.edu,External collaborator: NSF lists only a non-UVA email.,
237,Hirschi,Karen,"Contact PI, Multi-PI",NIH,2,,Possible,UVA Department of Cell Biology (as of 2024),"2021 UVA post (Alumni Professor of Cell Biology, joined 2019) and 2024 UNC seminar listing UVA; no 2025+ evidence.",https://med.virginia.edu/cell-biology/wp-json/wp/v2/posts/105938
238,Hofkens,Tara,Co-PI,NSF,1,thofkens@rand.org,Negative,rand.org,External collaborator: NSF lists only a non-UVA email.,
239,Horton,William,Contact PI,NIH,1,,Possible,Unknown,No UVA researcher named William Horton found in search.,
240,Houpt,Eric,Contact PI,NIH,1,,Confirmed,UVA Division of Infectious Diseases and International Health,UVA ID 'Meet the Chief' page and Jan 2025 Medicine Matters newsletter show him as division chief.,https://med.virginia.edu/infectious-diseases/about/meet-the-chief
241,Hsu,Fang-Chi,Multi-PI,NIH,1,,Possible,Unknown (likely non-UVA),No UVA link found; only match a Harvard global health postdoc; likely a Multi-PI elsewhere.,https://globalhealthresearchcore.hms.harvard.edu/?p=3169
242,Hu,Song,Multi-PI,NIH,1,,Negative,Washington University in St. Louis,Song Hu left UVA BME for WashU BME starting Jan 2020.,https://engineering.washu.edu/news/2019/WashU-BME-announces-new-faculty-hires.html
243,Hudson,Krystalyn,Contact PI,NIH,1,,Possible,unknown,No search result found for Krystalyn Hudson at UVA.,
244,Hulleman,Christopher,Contact PI,NIH,1,,Possible,UVA School of Education and Human Development / Batten School,UVA-hosted CV dated Aug 2024 lists him as professor and Motivate Lab director; no 2025-26 source found.,https://education.virginia.edu/documents/hulleman-chriscv20240820
245,Humphries,Peter,PI,NSF,1,ph7ph@virginia.edu,Possible,unknown (NSF lists virginia.edu email),No search result found for Peter Humphries at UVA; NSF record has a UVA email.,
246,Hurd,Noelle,Contact PI,NIH,1,,Confirmed,UVA Department of Psychology,Current UVA Psychology profile lists Noelle Hurd as Professor of Psychology and PHAD Lab lead.,https://psychology.as.virginia.edu/people/noelle-hurd
247,Hutchins,Ronald,PI,NSF,2,rrh8z@virginia.edu,Possible,unknown (NSF lists virginia.edu email),No search result found for Ronald Hutchins at UVA; NSF record has a UVA email.,
248,Ihlefeld,Jon,"PI, Co-PI",NSF,2,jfi4n@virginia.edu,Possible,likely UVA Materials Science & Engineering (NSF lists virginia.edu email),Search returned no page for Jon Ihlefeld; only the NSF UVA email supports UVA.,
249,Im,Hae Kyung,Multi-PI,NIH,1,,Negative,University of Chicago,Hae Kyung Im has a UChicago genomic data science profile and lab (hakyimlab.org); likely an external Multi-PI.,https://ccrf.uchicago.edu/content/hae-kyung-im
250,Ingersoll,Karen,Multi-PI,NIH,1,,Possible,UVA Psychiatry & Neurobehavioral Sciences,UVA Health news from May 2023 lists her as professor of psychiatry; no 2025-26 source found.,https://news.med.virginia.edu/category/faculty/page/46
251,Iqbal,Tariq,PI,NSF,1,ti3fe@virginia.edu,Possible,unknown (NSF lists virginia.edu email),No search result linked Tariq Iqbal to UVA; NSF record has a UVA email.,
252,Isakson,Brant,Contact PI,NIH,3,,Possible,"UVA School of Medicine, Molecular Physiology & Biological Physics",UVA SOM news from 2023-2024 shows him as professor (2024 Berne lectureship); no 2025-26 source found.,https://news.med.virginia.edu/?p=39890
253,Jack,Allison,Multi-PI,NIH,1,,Negative,George Mason University,Allison Jack is a GMU psychology faculty member; her only UVA tie is her PhD.,https://psychology.gmu.edu/people/ajack
254,Jackson,Patrick,Contact PI,NIH,1,,Confirmed,"UVA School of Medicine / UVA Health, Infectious Diseases","Current UVA SOM faculty listing and UVA Health provider profile list Patrick E. Jackson, MD.",https://med.virginia.edu/faculty/faculty-listing/pej9j/
255,Jacob,Mathews,Contact PI,NIH,2,,Possible,UVA (moved from University of Iowa 2024),Iowa CBIG page says Mathews Jacob moved to UVA in 2024; no UVA profile surfaced.,https://cbig.iibi.uiowa.edu/node/46
256,James,Daniel,Co-PI,NSF,1,hdj4nd@virginia.edu,Possible,unknown (NSF lists virginia.edu email),No search result found for Daniel James at UVA; NSF record has a UVA email.,
257,Janes,Kevin,"Contact PI, Multi-PI",NIH,4,,Possible,UVA Biomedical Engineering,Only an old (~2014) UVA News item shows Kevin Janes as UVA BME professor.,https://news.virginia.edu/uva-news?page=5080
258,Jash,Arijita,Contact PI,NIH,1,,Possible,unknown,No search result found for Arijita Jash at UVA.,
259,Ji,Yangfeng,Co-PI,NSF,2,yj3fs@virginia.edu,Confirmed,UVA Department of Computer Science,Current UVA Engineering faculty profile; 2026 ASEE paper with UVA coauthors.,https://engineering.virginia.edu/faculty/yangfeng-ji
260,Jiang,Lulu,"Contact PI, Multi-PI",NIH,2,,Possible,"UVA School of Medicine, Department of Neuroscience",UVA SOM news from Dec 2024 shows her as assistant professor with a $3.6M NIA R01; no 2025-26 source found.,https://news.med.virginia.edu/?p=36546
261,Jin,Li,Multi-PI,NIH,2,,Confirmed,"UVA School of Medicine, Orthopaedic Surgery","Current UVA SOM faculty listing and Orthopaedic Surgery research faculty page list Li Jin, PhD.",https://med.virginia.edu/faculty/faculty-listing/lj7q
262,Jirout,Jamie,PI,NSF,1,jj3wc@virginia.edu,Confirmed,"University of Virginia, School of Education and Human Development","Recent speaker bio (current AI/curiosity work) lists her as Associate Professor at UVA, and her Frontiers profile also lists UVA.",https://www.childrenandscreens.org/?p=18416
263,Jog,Adwait,PI,NSF,1,ajog@virginia.edu,Confirmed,"University of Virginia, Computer Science",UVA Engineering faculty page lists him as Associate Professor of CS (moved from William & Mary).,https://www.engineering.virginia.edu/faculty/adwait-jog
264,Johnson,Bradley,PI,NSF,1,bradley.johnson@virginia.edu,Possible,Unknown,Search for the name plus UVA found no relevant profile; the name is common and the field is unknown.,
265,Johnston,Karen,Multi-PI,NIH,1,,Possible,"University of Virginia, Neurology (likely)",UVA SOM/news pages (2017-2022) list Karen C. Johnston as Harrison Distinguished Professor of Neurology and THRIV director; no 2025+ source found.,https://news.med.virginia.edu/fac-dev-blog/page/44/
266,Jomaa,Ahmad,"Contact PI, PI","NIH, NSF",2,ahmadjomaa@virginia.edu,Confirmed,"University of Virginia School of Medicine, Center for Membrane and Cell Physiology","The med.virginia.edu Jomaa Lab page exists, and his virginia.edu email matches it.",https://med.virginia.edu/jomaa-lab/?p=14
267,Joshi,Suchitra,Contact PI,NIH,1,,Possible,Unknown,No search result for Suchitra Joshi at UVA.,
268,Jull,Matthew,PI,NSF,2,mj5kh@virginia.edu,Confirmed,"University of Virginia, School of Architecture",His UVA Architecture profile lists him as Associate Professor and director of the Arctic Design Group.,https://arch.virginia.edu/node/370
269,Kagan,Leonid,Multi-PI,NIH,1,,Possible,Unknown (possibly another institution),No UVA link found for Leonid Kagan; as a Multi-PI he may be a co-lead elsewhere.,
270,Kapur,Jaideep,Contact PI,NIH,3,,Confirmed,"University of Virginia, Neurology / UVA Brain Institute",His UVA Health provider page and UVA Brain Institute team page list him as Professor of Neurology and Brain Institute co-director.,https://braininstitute.virginia.edu/team/jaideep-kapur
271,Karim,Ayman,PI,NSF,3,pqg9zx@virginia.edu,Confirmed,"University of Virginia, Chemical Engineering (Chair)","UVA Engineering announced he joined as ChE chair on Aug 1, 2025, coming from Virginia Tech.",https://engineering.virginia.edu/news-events/news/uva-engineering-welcome-ayman-karim-new-chair-department-chemical-engineering
272,Kawano,Sandy,"PI, Co-PI",NSF,2,brr3ph@virginia.edu,Confirmed,UVA Dept of Biology / Mountain Lake Biological Station,"Spring 2025 MLBS newsletter: new Associate Director, starting as UVA Asst Prof of Biology June 2025 (moved from GWU).",https://mlbs.virginia.edu/sites/default/files/echoes_spring_2025_vol_26.pdf
273,Kaya,Alaattin,Contact PI,NIH,2,,Confirmed,UVA Dept of Biochemistry and Molecular Genetics,UVA faculty listing and 2025 UVA Cancer Center news welcoming him (moved from VCU).,https://med.virginia.edu/cancer-research/about-us/news/news-archive-2025/uvaccc-welcomes-alaattin-kaya-phd/
274,Keene,Keith,Multi-PI,NIH,1,,Possible,unknown,Two searches found no UVA or other profile for Keith Keene.,
275,Kelly,Kimberly,Contact PI,NIH,1,,Possible,UVA Biomedical Engineering (as of 2017),Only a 2017 UVA SOM item lists her as BME associate professor; no 2025-2026 evidence.,https://med.virginia.edu/pharm/category/news/page/27/
276,Kendall,Melissa,Contact PI,NIH,1,,Confirmed,"UVA Dept of Microbiology, Immunology, and Cancer Biology",UVA SOM 2023 news names her associate professor and Shannon Center fellow through June 2026; UVA job posting lists her lab.,https://med.virginia.edu/mic/2023/06/05/melissa-kindall-phd-named-uva-shannon-center-mid-career-fellow/
277,Kennedy,Michael,Co-PI,NSF,1,mkennedy@virginia.edu,Possible,unknown,Two searches found no UVA profile for a Michael Kennedy matching an NSF award.,
278,Kent,K,Multi-PI,NIH,1,,Possible,"University of Virginia (likely K. Craig Kent, surgery/former UVA Health CEO)","Initials only; an aggregator shows K. Craig Kent holding FY2024 UVA NIH R01s, but his current status after leaving the UVA Health CEO role is unverified.",https://conductscience.com/sciencedex/investigators/k-craig-kent
279,Kenworthy,Anne,Contact PI,NIH,3,,Confirmed,UVA Dept of Molecular Physiology and Biological Physics,Appointed MPBP Vice Chair of Research Feb 2025-Jan 2027; Faculty Senate term to 2028.,https://med.virginia.edu/physiology-biophysics/2025/02/03/dr-anne-kenworthy-appointed-as-vice-chair-of-research-for-mpbp/
280,Kenworthy,Lauren,Multi-PI,NIH,1,,Negative,Children's National Hospital / George Washington University,Chief of Neuropsychology at Children's National and GWU professor; external Multi-PI.,https://research.childrensnational.org/people/lauren-kenworthy
281,Khetarpal,Sumeet,Contact PI,NIH,1,,Confirmed,UVA Division of Cardiovascular Medicine / CVRC,CVRC Sept 2025 news: joined UVA as Assistant Professor of Cardiovascular Medicine.,https://www.cvrc.virginia.edu/tag/new-research/
282,Kibbe,Melina,Multi-PI,NIH,1,,Negative,UTHealth Houston,Former UVA SOM dean; now president of UTHealth Houston.,https://en.wikipedia.org/wiki/Melina_Kibbe
283,Kiessling,Volker,Multi-PI,NIH,1,,Possible,unknown,Search returned no results for Volker Kiessling at UVA.,
284,Kim,John,Contact PI,NIH,1,,Possible,Possibly University of Virginia (John S. Kim),"Common name; an aggregator lists a John S. Kim at UVA with a first NIH award in 2024, but no UVA profile was found.",https://conductscience.com/sciencedex/investigators/john-s-kim
285,Kim,Justin,Multi-PI,NIH,1,,Possible,Unknown,"Common name; results showed only UVA MD alumni now elsewhere, and no current UVA researcher.",
286,Klein,Eili,Multi-PI,NIH,1,,Possible,Unknown (possibly another institution),No result for Eili Klein at UVA; as a Multi-PI he may be a co-lead elsewhere.,
287,Koberda,Thomas,"PI, Co-PI",NSF,2,tmk5a@virginia.edu,Confirmed,"University of Virginia, Mathematics",UVA Shannon Center profile and Nov 2024 UVA Math news list him as Professor of Mathematics.,https://shannon-center.provost.virginia.edu/thomas-koberda
288,Koenig,Gary,PI,NSF,1,gmk3k@virginia.edu,Confirmed,"University of Virginia, Chemical Engineering",The Koenig Research Group page on UVA Engineering lists him as Professor of Chemical Engineering.,https://engineering.virginia.edu/labs-groups/koenig-research-group/people
289,Kordula,Tomasz,Multi-PI,NIH,1,,Possible,Unknown (possibly another institution),No UVA link found for Tomasz Kordula; as a Multi-PI he may be a co-lead elsewhere.,
290,Kosek,Margaret,Contact PI,NIH,2,,Possible,Unknown,Search returned no result for Margaret Kosek at UVA.,
291,Koval,Michael,Multi-PI,NIH,1,,Possible,Unknown (possibly another institution),No relevant result for Michael Koval at UVA; as a Multi-PI he may be a co-lead elsewhere.,
292,Kovatchev,Boris,Contact PI,NIH,2,,Confirmed,"University of Virginia School of Medicine, Center for Diabetes Technology",His med.virginia.edu Center for Diabetes Technology profile lists him as Professor and director.,https://med.virginia.edu/diabetes-technology/faculty/boris-kovatchev-phd/
293,Kozminski,Keith,PI,NSF,1,kgk8d@virginia.edu,Possible,"University of Virginia, Biology (likely)","Only older UVA-linked pages (iGEM 2015-2016) list him as Associate Professor of Biology; no 2025+ UVA profile found, though his virginia.edu email fits.",https://2016.igem.org/Team:Virginia/Attributions
294,Kron,Irving,"Contact PI, Multi-PI",NIH,2,,Possible,"University of Virginia, Surgery (unclear)","Long-time UVA surgery chair (to 2017), then held roles at the University of Arizona 2018-20; some UVA pages still list him, but no 2025+ confirmation.",https://med.virginia.edu/tcv-lab/?p=1528
295,Krukowski,Rebecca,Contact PI,NIH,1,,Confirmed,"UVA School of Medicine, Public Health Sciences",UVA PHS faculty profile lists her as Professor; 2024 staff listing references her team.,https://med.virginia.edu/phs/2021/12/21/krukowski-rebecca/
296,Krushkal,Vyacheslav,PI,NSF,1,krushkal@virginia.edu,Confirmed,UVA Department of Mathematics,Math Genealogy shows a 2025 UVA PhD supervised by him; virginia.edu email on active NSF grant.,https://mathgenealogy.org/id.php?id=23992
297,Kuan,Chia-Yi,Contact PI,NIH,5,,Confirmed,"UVA School of Medicine, Neuroscience",UVA Neuroscience primary faculty page lists Chia-Yi (Alex) Kuan as Professor.,https://med.virginia.edu/neuroscience/faculty/primary-faculty/alex-kuan-m-d-ph-d/
298,Kucenas,Sarah,"Contact PI, PI","NIH, NSF",2,sk4ub@virginia.edu,Confirmed,"UVA Biology / Associate Dean for Research, A&S",UVA research news reports her appointment as Associate Dean for Research in A&S.,https://news.research.virginia.edu/author/msc6y/page/3/
299,Kuhn,Nicholas,Co-PI,NSF,1,njk4x@virginia.edu,Negative,UVA Mathematics (Emeritus),His CV lists him as professor 1991-2024 and emeritus since 2024.,https://uva.theopenscholar.com/nick-kuhn/curriculum-vitae
300,Kulkarni,Saurabh,Contact PI,NIH,2,,Possible,UVA Cell Biology (as of 2021),Only a 2021 UVA Cell Biology item lists him as Assistant Professor; no newer evidence found.,https://med.virginia.edu/cell-biology/?p=105938
301,Kuo,Min-Hao,Multi-PI,NIH,1,,Negative,"Michigan State University, Biochemistry & Molecular Biology",MSU directory lists him as Professor; UVA was only his postdoc; he is a Multi-PI with Kuan.,https://directory.natsci.msu.edu/Directory/Profiles/Person/100446
302,Kuo,Yen-Ling,"PI, Co-PI",NSF,2,ylkuo@virginia.edu,Possible,"UVA (Computer Science, LIVE Robotics lab), likely",An undated NTU internship listing names her as UVA Assistant Professor; no virginia.edu profile in results.,https://internshipabroad.ntu.edu.tw/organization/yen-ling-kuo
303,Kutaka,Traci,PI,NSF,1,traci.kutaka@virginia.edu,Possible,Unknown (virginia.edu email on grant),The search found nothing on her; only the grant's virginia.edu email links her to UVA.,
304,Kuyumcu-Martinez,Muge,Contact PI,NIH,1,,Confirmed,"UVA School of Medicine, Molecular Physiology & Biological Physics",She joined UVA in Feb 2023; UVA lab page and 2024 Cancer Center news list her as Professor.,https://med.virginia.edu/kuyumcu-martinez-lab
305,Lambert,James,PI,NSF,1,lambert@virginia.edu,Confirmed,"UVA Engineering, Systems & Information Engineering",UVA faculty page cites a 2025 SRA award and his role as 2024-25 Faculty Senate chair.,https://engineering.virginia.edu/faculty/james-h-lambert
306,Lange,Leslie,Multi-PI,NIH,1,,Negative,University of Colorado Anschutz Medical Campus,Colorado PROFILES lists her as Professor of Medicine there; she is likely a Multi-PI co-lead.,https://profiles.ucdenver.edu/display/12755888/network/researchareas/timeline
307,Larner,James,Contact PI,NIH,1,,Confirmed,"UVA Health, Radiation Oncology (Chair)",UVA Health and SOM pages list him as Chair of Radiation Oncology and UPG President.,https://med.virginia.edu/radiation-oncology/uva-radiation-oncology-faculty/physicians/james-larner-m-d
308,Larson,Tracy,Contact PI,NIH,1,,Confirmed,UVA Department of Biology,"UVA Faculty Senate directory lists Tracy A. Larson, Asst Prof of Biology, with a committee term ending 2028.",https://facultysenate.virginia.edu/node/5151
309,Laszewski,Gregor,Co-PI,NSF,1,thf2bn@virginia.edu,Confirmed,UVA Biocomplexity Institute,"UVA Biocomplexity profile lists him as Research Professor, citing a 2025 award; he is also a Loyola adjunct.",https://biocomplexity.virginia.edu/person/gregor-von-laszewski
310,Laubach,Victor,Multi-PI,NIH,1,,Negative,Retired from UVA Surgery,A Feb 2025 UVA Surgery announcement marks his retirement after 28 years.,https://med.virginia.edu/surgery/?p=12230
311,Lazzara,Matthew,"Contact PI, Multi-PI",NIH,2,,Confirmed,"UVA Engineering, Chemical Engineering / BME",UVA ChE people page lists him as Professor of Chemical and Biomedical Engineering.,https://engineering.virginia.edu/department/chemical-engineering/people?page=2
312,Le,Lu,Contact PI,NIH,1,,Confirmed,"UVA School of Medicine, Dermatology (Chair)",He became Chair of Dermatology in Jan 2024 and is practicing at UVA Health.,https://news.med.virginia.edu/faculty/get-to-know-lu-le-md-phd-chair-of-the-department-of-dermatology/
313,Lebaron,Virginia,Contact PI,NIH,1,,Confirmed,UVA School of Nursing,UVA Nursing directory lists her as Associate Professor and Kluge-Schakat Professor.,https://nursing.virginia.edu/people/faculty-directory
314,Lee,Carolyn,Contact PI,NIH,1,,Possible,Unknown,The search found no UVA Carolyn Lee; the name is common.,
315,Lee,Kyusang,PI,NSF,2,kl6ut@virginia.edu,Confirmed,"UVA Engineering, ECE / Materials Science",UVA Engineering faculty profile lists him as Associate Professor in ECE and MSE.,https://engineering.virginia.edu/faculty/kyusang-lee
316,Lee,Ryan,Contact PI,NIH,1,,Possible,Unknown,The search found no UVA SOM Ryan Lee; the name is common.,
317,Leitinger,Norbert,Contact PI,NIH,1,,Possible,University of Virginia (Pharmacology / CVRC),"LIPID MAPS webinar and a Virginia state-jobs postdoc listing describe him as UVA Professor of Pharmacology; neither is dated, and no 2025-2026 UVA profile turned up.",https://jobs.am.virginia.gov/jobs/postdoctoral-research-associate-pharmacology-charlottesville-virginia-united-states
318,Lerdau,Manuel,Co-PI,NSF,1,mlerdau@virginia.edu,Confirmed,"University of Virginia, Dept. of Environmental Sciences",UVA Engaged and ETP virginia.edu profiles list him as Professor of Environmental Sciences.,https://engageduva.virginia.edu/people/manuel-lerdau
319,Letteri,Rachel,"Contact PI, PI","NIH, NSF",3,rl2qm@virginia.edu,Confirmed,"University of Virginia, Dept. of Chemical Engineering",UVA Engineering faculty page lists her as Associate Professor of Chemical Engineering.,https://engineering.virginia.edu/faculty/rachel-letteri
320,Letzkus,Lisa,Contact PI,NIH,1,,Confirmed,"UVA Health / School of Medicine, Pediatrics",Current UVA Children's provider page and med.virginia.edu profile list her as Associate Professor of Pediatrics.,https://med.virginia.edu/advanced-medical-analytics/our-people/lisa-letzkus-phd/
321,Levental,Ilya,"Contact PI, Multi-PI",NIH,4,,Confirmed,"University of Virginia, Molecular Physiology & Biological Physics","2025 UVA Health news (Apr 2025 Cell paper, Oct 2025 newsletter) features him as UVA professor.",https://news.med.virginia.edu/newsletter/10-30-25-issue/
322,Levental,Kandice,"Contact PI, Multi-PI",NIH,2,,Confirmed,"University of Virginia, Molecular Physiology & Biological Physics",2025 UVA Health news profiles the Levental team including Kandice as UVA faculty.,https://news.med.virginia.edu/newsletter/10-30-25-issue/
323,Levy,Amit,Co-PI,NSF,1,amit@amitlevy.com,Negative,amitlevy.com,External collaborator: NSF lists only a non-UVA email.,
324,Li,Chaofan,Contact PI,NIH,1,,Possible,Unknown,"Common name; no UVA profile found, though one Chaofan Li co-authors with Jie Sun, who is now at UVA.",https://biomed.reviewer.ly/app/expert/chaofan-li
325,Li,Hui,Contact PI,NIH,1,,Possible,UVA Dept of Pathology (as of ~2024),"UVA news shows Hui Li, PhD, Pathology professor (chimeric RNA); no 2025-2026 evidence found.",https://www.uvahealth.com/news/newly-discovered-chimeras-influence-health-wellness
326,Li,Jundong,PI,NSF,3,jl6qk@virginia.edu,Possible,UVA ECE/CS/Data Science (as of 2023),UVA Data Science news and 2023 posting show him as UVA assistant professor; no 2025-2026 evidence found.,https://datascience.virginia.edu/news/assistant-professor-jundong-li-named-2023-uva-research-communications-fellow
327,Li,Sheng,PI,NSF,1,vga8uf@virginia.edu,Possible,UVA School of Data Science (possibly on leave at Oracle),"July 2025 CV and Oct 2025 news show UVA associate professor, but Oracle profile says he is on leave from UVA as Oracle scientist.",https://api.dsi.virginia.edu/sites/default/files/2025-09/Sheng_Li_CV_2025.07.pdf
328,Li,Xin,Contact PI,NIH,2,,Confirmed,UVA Dept of Plastic Surgery (Basic Science Research),UVA plastic surgery page says Dr. Xin Li joined UVA from NYU and continues succinate research; FY2026 R01 administered by UVA.,https://med.virginia.edu/plastic-surgery-and-oral-health/research-activities/wound-healing-lab-collaborations/
329,Li,Xudong,"Contact PI, Multi-PI",NIH,3,,Confirmed,UVA Dept of Orthopaedic Surgery,"Current UVA Health provider profile and UVA ortho faculty page for Xudong Joshua Li, MD, PhD.",https://www.uvahealth.com/providers/Xudong-Li-1578889101
330,Li,Yongqing,Multi-PI,NIH,1,,Negative,University of Michigan Dept of Surgery (likely),"No UVA link found; matching researcher Yongqing Li is in University of Michigan Surgery (trauma/shock), consistent with external Multi-PI.",https://www.jove.com/author/33852/yongqing-li
331,Li,Zhi-Yun,"PI, Co-PI",NSF,3,zl4h@virginia.edu,Confirmed,UVA Dept of Astronomy,"UVA astronomy faculty/Director of Graduate Studies, teaching listings through Fall 2025.",https://thecourseforum.com/instructor/231
332,Limaye,Ajay,PI,NSF,1,ajay@virginia.edu,Possible,unknown,Two searches found no web evidence linking Ajay Limaye to UVA.,
333,Lin,Felix Xiaozhu,PI,NSF,1,felixlin@virginia.edu,Possible,UVA Dept of Computer Science (unverified),Search returned no profile for Felix Xiaozhu Lin; UVA email on grant only.,
334,Lin,Zongli,Co-PI,NSF,2,zl5y@virginia.edu,Possible,UVA Dept of ECE (as of 2001),Only old (2001) evidence of UVA EE affiliation found.,https://catalogue.bnf.fr/ark:/12148/cb144452705
335,Lindner,Jonathan,Contact PI,NIH,4,,Confirmed,"UVA Health, Cardiovascular Medicine",Current UVA Health provider page and CVRC faculty page list him as Frances Myers Ball Professor of Medicine.,https://uvahealth.com/providers/Jonathan-Lindner-1073521506
336,Little,Melissa,Contact PI,NIH,2,,Possible,"University of Virginia, Public Health Sciences (as of 2017)","Only UVA evidence found is a 2017 PHS faculty page (Assoc. Prof., tobacco control).",https://med.virginia.edu/phs/2017/09/15/littlemelissa/
337,Liu,Bin,Multi-PI,NIH,1,,Possible,Unknown,Very common name on an NIH multi-PI grant; no UVA Bin Liu found (several elsewhere).,
338,Liu,Chang-Chia,Multi-PI,NIH,1,,Possible,Unknown,Multi-PI; the combined search turned up nothing for Chang-Chia Liu.,
339,Liu,Song,Multi-PI,NIH,1,,Possible,Unknown,Multi-PI with a common name; no UVA Song Liu found in the combined search.,
340,Liu,Zhenqi,Contact PI,NIH,3,,Confirmed,"UVA School of Medicine, Endocrinology & Metabolism",med.virginia.edu faculty listing and UVA Health provider page list him as Professor of Medicine.,https://med.virginia.edu/faculty/faculty-listing/zl3e/
341,Lobo,Jennifer,Contact PI,NIH,1,,Possible,"University of Virginia, Public Health Sciences (as of 2017)",Only a 2017 EMU news item names Jennifer Mason Lobo as UVA PHS assistant professor; no current profile found.,https://emu.edu/now/news/2017/35836/
342,Long,Nicole,Contact PI,NIH,1,,Possible,"University of Virginia, Psychology (as of 2024)",A 2024 Yale news item mentions a student joining Nicole Long's lab at UVA Psychology; no current profile found.,https://medicine.yale.edu/news-article/congratulations-to-dawn-on-graduate-school
343,Loth,Eric,PI,NSF,1,el9r@virginia.edu,Confirmed,"University of Virginia, Mechanical & Aerospace Engineering",A 2025 CV hosted on engineering.virginia.edu and the IRC page list him as Rolls-Royce Professor at UVA.,https://engineering.virginia.edu/sites/default/files/Documents%20(PDF%20etc)/2025%20Loth%20CV.pdf
344,Lou,Chang,PI,NSF,1,chlou@virginia.edu,Possible,Unknown (has virginia.edu email),Search found no UVA profile for Chang Lou; the only basis for UVA is the virginia.edu email on the NSF award.,
345,Loughran,Thomas,Contact PI,NIH,1,,Confirmed,UVA Comprehensive Cancer Center,Aug 2025 UVA Health news names him Cancer Center Director on a new $13M award.,https://news.med.virginia.edu/?p=49520
346,Lu,Tsai-Yi,Contact PI,NIH,1,,Possible,Unknown,No results for Tsai-Yi Lu at UVA.,
347,Lu,Xiaowei,Contact PI,NIH,2,,Possible,University of Virginia (per NIH aggregator),"Only a funding aggregator lists Xiaowei Lu at UVA with FY2024 NIH grants (neural tube, hair cells); no UVA profile found.",https://conductscience.com/sciencedex/investigators/xiaowei-lu
348,Lukens,John,"Contact PI, Multi-PI",NIH,3,,Confirmed,"UVA School of Medicine, Neuroscience",med.virginia.edu faculty listing names him Professor of Neuroscience; he is also director of the Harrison Center (2024).,https://med.virginia.edu/faculty/faculty-listing/jrl7n/
349,Lunardi,Nadia,Contact PI,NIH,1,,Confirmed,"UVA Health, Anesthesiology",UVA faculty page and Lunardi Lab site list her as Associate Professor and Neuroanesthesia Division Chief.,https://med.virginia.edu/lunardi-lab/principal-investigator/
350,Lynch,Kevin,Contact PI,NIH,1,,Possible,University of Virginia (Pharmacology) - undated,Crunchbase and older UVA Pharmacology posts list him as Professor/Vice-Chair of Pharmacology; no dated 2025-2026 UVA source found.,https://med.virginia.edu/pharm/?p=2780
351,Lynch,Wendy,Contact PI,NIH,2,,Confirmed,"University of Virginia, Psychiatry and Neurobehavioral Sciences",Current UVA SOM faculty listing shows her as Professor (promoted after 2024 news).,https://med.virginia.edu/faculty/faculty-listing/wjl6w/
352,Ma,Jianjie,Contact PI,NIH,3,,Confirmed,"University of Virginia, Department of Surgery",May 2025 NIH biosketch lists him as William H. Muller Professor and Director of Surgical Sciences at UVA.,https://www.jianjiemalab.com/wp-content/uploads/2025/05/Ma_NIH-Biosketch-5-10-2025.pdf
353,Maccormack,Jennifer,"PI, Multi-PI","NIH, NSF",2,maccormack@virginia.edu,Confirmed,"University of Virginia, Department of Psychology",UVA listserv names her PI of the Virginia Affect & Interoception Lab in UVA Psychology; UNC alumni profile says she is assistant professor at UVA.,https://lists.virginia.edu/sympa/info/vail-grad
354,Machan,Charles,"PI, Co-PI",NSF,3,machan@virginia.edu,Confirmed,"University of Virginia, Department of Chemistry",UVA group site lists him as associate professor; UVA Chemistry seminar listing from Sept 2025.,https://machangroup.virginia.edu/bio
355,Madden,Gregory,Contact PI,NIH,1,,Confirmed,"University of Virginia, Medicine - Infectious Diseases",Current UVA faculty listing and UVA Health provider profile list him as Assistant Professor of Medicine.,https://med.virginia.edu/faculty/faculty-listing/grm7q/
356,Maeng,Jennifer,Co-PI,NSF,1,jlc7d@virginia.edu,Possible,Unknown,Search returned nothing on Jennifer Maeng; only the virginia.edu email links her to UVA.,
357,Magee,Neal,Co-PI,NSF,2,nem2p@virginia.edu,Possible,Unknown,No results tying Neal Magee to UVA; only the virginia.edu email in the grant record.,
358,Majewski,Steven,PI,NSF,2,srm4n@virginia.edu,Confirmed,"University of Virginia, Department of Astronomy","UVA profile pages list him as Professor of Astronomy; he taught UVA courses through Fall 2024, and there is no sign he left.",https://global.virginia.edu/steve-majewski
359,Malin,Steven,Multi-PI,NIH,1,,Negative,Rutgers University (Kinesiology and Health),"Steven K. Malin is an associate professor at Rutgers (AMP Lab), so he is likely an outside Multi-PI.",https://medicalresearch.com/?p=59573
360,Maloni,Sara,"PI, Co-PI",NSF,2,sm4cw@virginia.edu,Possible,Unknown,No search results for Sara Maloni at UVA; only the virginia.edu email in the grant record.,
361,Manferdelli,John,Co-PI,NSF,1,johnmanferdelli@hotmail.com,Possible,Unknown (previously Northeastern University / Google),No UVA link found; an older news item says Northeastern hired him to lead a cybersecurity institute; grant email is hotmail.,https://news.northeastern.edu/in-the-media/boston-tech-watch-google-visible-measures-smack-placepass-more/
362,Manichaikul,Ani,Contact PI,NIH,1,,Confirmed,"University of Virginia, Genome Sciences / Public Health Sciences",Oct 2025 UVA Health newsletter identifies her as Associate Professor of Genome Sciences.,https://news.med.virginia.edu/newsletter/10-9-25-issue/
363,Manning,Carol,Co-PI,NSF,1,cm4r@virginia.edu,Confirmed,"University of Virginia, Department of Neurology",UVA Health provider profile lists her as Professor of Neurology; a 2026 UVA job posting names her search chair.,https://www.uvahealth.com/providers/Carol-Manning-1124197751
364,Marchi,Enrica,Multi-PI,NIH,1,,Possible,Unknown,"No results tying Enrica Marchi to UVA; NIH Multi-PI, so she may be at another institution.",
365,Mark,Thomas,PI,NSF,1,tmark@virginia.edu,Confirmed,"University of Virginia, Department of Mathematics","UVA course pages list him as Professor of Mathematics, with a Fall 2025 course.",https://uva.theopenscholar.com/tom-mark/classes/math-3310-basic-real-analysis-0
366,Martens,Jeffrey,Contact PI,NIH,1,,Confirmed,University of Virginia School of Medicine (Senior Associate Dean for Research),Joined UVA SOM as Senior Associate Dean for Research in May 2023; no evidence he left.,https://newsroom.uvahealth.com/2023/01/20/top-pharmacology-researcher-oversee-pioneering-biomedical-research/img_4015/
367,Martin,Timothy,Contact PI,NIH,1,,Confirmed,"University of Virginia, Department of Pharmacology","UVA Pharmacology announced him as new faculty in Jan 2024, setting up a lab in Pinn Hall; no evidence he left.",https://med.virginia.edu/pharm/tag/intranet/page/6/
368,Marto,Jarrod,Contact PI,NIH,1,,Possible,Likely University of Virginia (Biochemistry & Molecular Genetics / Chemistry),Aggregated UVA job postings list Dr. Jarrod Marto in UVA BMG and Chemistry recruiting postdocs; no official UVA profile found (formerly Dana-Farber/Harvard).,https://scholaridea.com/?p=61951
369,Mason,Kazlin,Contact PI,NIH,1,,Possible,University of Virginia (School of Education) - 2024,UVA research news listing mentions her as UVA education faculty receiving a 2024 honor; no 2025-2026 source found.,https://news.research.virginia.edu/author/msc6y/page/3/
370,Mata,Jaime,Contact PI,NIH,1,,Confirmed,"University of Virginia, Radiology and Medical Imaging",UVA radiology research faculty directory lists him as Professor and assistant director of the Center for In-vivo HPG MRI.,https://med.virginia.edu/radiology-research/radiology-research-faculty
371,Mathers,Amy,Contact PI,NIH,1,,Confirmed,"University of Virginia Health, Medicine and Pathology",UVA Today page lists Dr. Amy Mathers as associate professor at UVA Health in medicine and pathology.,https://news.virginia.edu/node/354586
372,Mattos,Meghan,Contact PI,NIH,1,,Confirmed,UVA School of Nursing,Tenured associate professor at UVA Nursing (2024 promotion); teaching UVA courses through Fall 2025.,https://nursing.virginia.edu/news/2024-promotions_byon_quatrara_mattos_williams
373,Mauskopf,Philip,Co-PI,NSF,1,mauskopf@asu.edu,Negative,asu.edu,External collaborator: NSF lists only a non-UVA email.,
374,Mcculloch,Michael,Contact PI,NIH,1,,Possible,UVA Health (Pediatric Cardiology),"Michael McCulloch MD, professor of pediatrics at UVA Children's since 2017, featured in Oct 2024 SOM newsletter; no 2025+ evidence found.",https://news.med.virginia.edu/newsletter/10-31-24-issue/
375,Mcdevitt-Murphy,Meghan,Multi-PI,NIH,1,,Negative,University of Memphis,Professor of Psychology at the University of Memphis since 2006; she is a Multi-PI co-lead from another institution.,https://www.memphis.edu/psychology/people/faculty/mcdevitt-murphy.php
376,McElhaney,Kevin,Co-PI,NSF,1,kmcelhaney@digitalpromise.org,Negative,digitalpromise.org,External collaborator: NSF lists only a non-UVA email.,
377,McGlathery,Karen,"PI, Co-PI",NSF,2,kjm4k@virginia.edu,Confirmed,UVA Environmental Sciences / Environmental Institute,Current UVA A&S listing: Sherrell J. Aston Professor and Director of the UVA Environmental Institute.,https://www.as.virginia.edu/listing/karen-mcglathery
378,Mcgowan,Emily,Contact PI,NIH,1,,Confirmed,"UVA Health Asthma, Allergy & Immunology",Current med.virginia.edu and uvahealth.com provider profiles list her as Associate Professor.,https://med.virginia.edu/asthma-allergy-immunology/emily-c-mcgowan-md-phd/
379,Mcintyre,Daniel,Contact PI,NIH,1,,Possible,unknown,Search found no Daniel McIntyre linked to UVA.,
380,Mcmanus,Kathleen,Contact PI,NIH,1,,Possible,"UVA Dept of Medicine, Infectious Diseases (as of 2023)",UVA Health news from 2023 lists her as an ID assistant professor; no 2025-26 evidence found.,https://news.med.virginia.edu/newsletter/6-22-23-issue/
381,Mcnamara,Coleen,"Contact PI, Multi-PI",NIH,4,,Confirmed,"UVA Dept of Medicine, Cardiovascular / Carter Immunology Center",June 2025 UVA news reports her Thomas Jefferson Award as Carter Center director.,https://med.virginia.edu/bims/?p=4866
382,Mcnutt,Patrick,Multi-PI,NIH,1,,Negative,Wake Forest University School of Medicine,Botulinum researcher with a Wake Forest faculty profile; likely a non-UVA multi-PI.,https://profiles.wakehealth.edu/profile/19226798/198/86477
383,Medrano,Silvia,Contact PI,NIH,1,,Possible,unknown,Two searches found no Silvia Medrano at UVA.,
384,Mende-Siedlecki,Peter,Multi-PI,NIH,1,,Possible,"unknown (likely University of Delaware, unverified)","Searches returned nothing; background knowledge says Univ. of Delaware psychology, unconfirmed.",
385,Meng,Yu,PI,NSF,1,yumeng5@virginia.edu,Confirmed,UVA Dept of Computer Science,Current UVA Engineering faculty profile lists him as CS assistant professor.,https://engineering.virginia.edu/faculty/yu-meng
386,Meyer,Craig,Contact PI,NIH,1,,Confirmed,UVA Depts of Biomedical Engineering and Radiology,Current UVA Engineering faculty profile and NAI news.,https://engineering.virginia.edu/faculty/craig-h-meyer
387,Miller,Clint,"Contact PI, Multi-PI",NIH,3,,Confirmed,UVA Dept of Genome Sciences,UVA faculty profile lists him as associate professor; April 2025 webinar talk.,https://engineering.virginia.edu/faculty/clint-miller
388,Miller,G.,Multi-PI,NIH,1,,Possible,"Likely UVA (G. Wilson Miller, radiology/imaging)","Initials only; a G. Wilson Miller holds an FY2026 NIH award at UVA (third-party aggregator), but no UVA profile turned up.",https://conductscience.com/sciencedex/investigators/g-wilson-miller
389,Miller,Lauren,PI,NSF,1,lsimkins@virginia.edu,Confirmed,UVA Environmental Sciences,Lauren Miller (Simkins) is listed in the UVA Environment expert directory as Associate Professor of Environmental Sciences; her email matches.,https://environment.virginia.edu/expert/lauren-miller
390,Mirkovic,Jelena,Co-PI,NSF,1,mirkovic@isi.edu,Negative,isi.edu,External collaborator: NSF lists only a non-UVA email.,
391,Misra,Madhusmita,Contact PI,NIH,2,,Possible,UVA Dept of Pediatrics (as of 2024),Jan 2024 UVA news reports her appointment as Pediatrics chair; no 2025-26 evidence found.,https://news.med.virginia.edu/author/jta6nvirginia-edu/page/35
392,Mitchell,Emma,Contact PI,NIH,1,,Confirmed,UVA School of Nursing,Listed in the UVA Nursing faculty directory; inducted as AAN Fellow in 2025.,https://nursing.virginia.edu/news/windy-alonso-kim-elgin-emma-mitchell-faans-2025/
393,Modjaz,Maryam,PI,NSF,1,mmodjaz@virginia.edu,Confirmed,UVA Dept of Astronomy,UVA astronomy faculty page lists her as professor; she moved from NYU in 2022.,https://astronomy.as.virginia.edu/node/2136
394,Mohamed,Shazrene,PI,NSF,1,shazrene@virginia.edu,Confirmed,UVA Astronomy,Current UVA faculty profile lists her as Associate Professor of Astronomy and graduate Director of Admissions.,https://as.virginia.edu/faculty-profile/shazrene-mohamed
395,Mohi,Golam,Contact PI,NIH,2,,Confirmed,UVA SOM Biochemistry & Molecular Genetics,Runs the Mohi Lab at UVA BMG; UVA news reports a 2025 NIH R01 award.,https://med.virginia.edu/bmg/research/mohi-lab/lab-members/
396,Moon,Rachel,Contact PI,NIH,2,,Possible,UVA SOM Pediatrics (likely),"Described as Harrison Distinguished Professor and division head of general pediatrics at UVA, but the results surfaced no dated 2025+ UVA profile.",https://news.med.virginia.edu/kidsmatter/welcome-to-the-team-dr-rachel-moon/
397,Moore,Christopher,Multi-PI,NIH,1,,Confirmed,UVA SOM Infectious Diseases & International Health,Christopher C. Moore has a current med.virginia.edu faculty listing; his sepsis/TB work in Africa fits the NIH grant.,https://med.virginia.edu/faculty/faculty-listing/ccm5u/
398,Morrison,Briana,PI,NSF,2,wxt4gm@virginia.edu,Confirmed,UVA Computer Science,Current UVA Engineering faculty page lists her as Associate Professor of CS; she is active at 2025 conferences.,https://engineering.virginia.edu/faculty/briana-morrison
399,Morse,Jennifer,PI,NSF,2,morsej@virginia.edu,Confirmed,UVA Mathematics,UVA news reports her as a UVA professor invited to speak at ICM 2026.,https://as.virginia.edu/mathematician-jennifer-morse-selected-speak-worlds-most-prestigious-math-conference
400,Moscoso-Vásquez,Marcela,Multi-PI,NIH,1,,Possible,Unknown,The search returned nothing on this name; it may be a UVA Center for Diabetes Technology researcher.,
401,Moskaluk,Christopher,Contact PI,NIH,1,,Confirmed,UVA SOM Pathology,UVA Pathology site lists him as Department Chair and Walter Reed Professor of Pathology.,https://med.virginia.edu/faculty/faculty-listing/cam5p/
402,Mpagama,Stellah,Multi-PI,NIH,2,,Negative,"Kibong'oto Infectious Diseases Hospital, Tanzania","Scientific director at Kibong'oto Hospital in Tanzania; she is a UVA collaborator (Heysell), not UVA staff.",https://www.global-health-edctp3.europa.eu/results-and-insights/global-health-leaders/stellah-mpagama_en
403,Muehling,Lyndsey,Contact PI,NIH,1,,Confirmed,"UVA SOM Asthma, Allergy & Clinical Immunology (Woodfolk lab)",UVA PhD (2018); a May 2025 UVA division update credits her work in the Woodfolk lab.,https://news.med.virginia.edu/medicinematters/?p=25486
404,Mugler,John,"Contact PI, Multi-PI",NIH,2,,Confirmed,UVA Radiology & Medical Imaging / BME,Current UVA radiology research profile lists him as Director of Medical Imaging Research and professor.,https://med.virginia.edu/radiology-research/john-mugler
405,Mumba,Frackson,PI,NSF,1,mumba@virginia.edu,Possible,UVA School of Education and Human Development (likely),"Associate professor of science education at UVA per a 2023 Fulbright story and CV; no 2025+ confirmation, though he has a virginia.edu email.",https://news.virginia.edu/node/360841
406,Munger,Steven,Contact PI,NIH,2,,Possible,UVA Otolaryngology (likely),"Professor and co-director of research in UVA Otolaryngology, from a 2024 grant announcement and a Dec 2024 profile; no 2025+ evidence.",https://news.med.virginia.edu/?p=35857
407,Naegle,Kristen,Multi-PI,NIH,1,,Confirmed,UVA Biomedical Engineering,Current UVA Engineering faculty directory and lab page list her as BME faculty.,https://engineering.virginia.edu/labs-groups/naegle-research-lab/team
408,Narayanan,Vijaykrishnan,Co-PI,NSF,1,vnarayanan67@gatech.edu,Negative,gatech.edu,External collaborator: NSF lists only a non-UVA email.,
409,Newman,Laura,Contact PI,NIH,1,,Confirmed,UVA School of Medicine,"Profiled as a UVA SOM Assistant Professor in the Jan 2025 Research in Motion feature (inflammation, mitochondria).",https://news.med.virginia.edu/newsletter/1-9-25-issue/
410,Nichols,David,PI,NSF,1,dn2ep@virginia.edu,Confirmed,UVA Physics/Astronomy,UVA A&S news on NSF CAREER award; VCU Sept 2026 seminar lists him at UVA Dept of Astronomy; Dec 2025 UVA postdoc ad.,https://as.virginia.edu/news/uvas-david-nichols-wins-nsf-career-award-gravitational-wave-research
411,Nikolich,Anita,Co-PI,NSF,1,anitan@illinois.edu,Negative,illinois.edu,External collaborator: NSF lists only a non-UVA email.,
412,Niu,Wei,Co-PI,NSF,1,wniu2@unl.edu,Negative,unl.edu,External collaborator: NSF lists only a non-UVA email.,
413,Noth,Imre,Contact PI,NIH,1,,Confirmed,"UVA School of Medicine, Pulmonary & Critical Care",Division chief message dated March 2025 on UVA Medicine Matters; current UVA faculty profile.,https://news.med.virginia.edu/medicinematters/?p=23753
414,O'Rourke,Eyleen,Contact PI,NIH,1,,Possible,UVA (as of 2023),Only a March 2023 UVA Health news item found; no 2025-2026 evidence.,https://news.med.virginia.edu/news/page/275
415,Oduor,Chrispine,Multi-PI,NIH,1,,Possible,unknown,"No result linking Chrispine Oduor to UVA; likely a collaborator elsewhere (e.g., Kenya) but unverified.",
416,Okusa,Mark,"Contact PI, Multi-PI",NIH,4,,Confirmed,"UVA School of Medicine, Nephrology","Current UVA faculty and UVA Health provider pages list him as Chief, Division of Nephrology.",https://med.virginia.edu/faculty/faculty-listing/mdo7y/
417,Onengut,Suna,"Contact PI, Multi-PI",NIH,3,,Possible,UVA Public Health Sciences / CPHG (as of 2024),Feb 2024 UVA page lists Suna Onengut-Gumuscu as associate professor; no 2025-2026 evidence found.,https://med.virginia.edu/cphg/tag/aakrosh-ratan
418,Ono,Ken,PI,NSF,1,ken.ono691@virginia.edu,Possible,"Axiom Math (Palo Alto), on extended leave from UVA",On extended leave from UVA; working at Axiom Math (Palo Alto) since 2025.,https://engineering.virginia.edu/faculty/ken-ono
419,Orebaugh,Angela,Co-PI,NSF,1,ado4v@virginia.edu,Possible,unknown,Search found no UVA page for Angela Orebaugh despite virginia.edu email on grant.,
420,Oser,Tamara,Multi-PI,NIH,1,,Negative,University of Colorado School of Medicine (Family Medicine),CU Anschutz directory lists her as Associate Professor and Director of High Plains Research Network.,https://accords.cuanschutz.edu/about/faculty-staff-directory/Oser-Tamara-UCD6002912755
421,Owens,Gary,"Contact PI, Multi-PI",NIH,3,,Confirmed,UVA Robert M. Berne Cardiovascular Research Center,CVRC Director Gary Owens presented the 2026 Berne Lecture per UVA CVRC site.,https://www.cvrc.virginia.edu/?p=6368
422,Pace,Michael,PI,NSF,1,pacem@virginia.edu,Negative,"UVA Environmental Sciences, emeritus",His March 2026 CV lists him as emeritus (dept page may be outdated).,https://evsc.as.virginia.edu/system/files/Michael-Pace_CV_2026.pdf
423,Pani,Ariel,Contact PI,NIH,1,,Possible,unknown,Two searches found no UVA page for Ariel Pani.,
424,Pannuto,Patrick,Co-PI,NSF,1,ppannuto@eng.ucsd.edu,Negative,eng.ucsd.edu,External collaborator: NSF lists only a non-UVA email.,
425,Paolucci,Chris,"PI, Co-PI",NSF,2,cp9wx@virginia.edu,Possible,unknown,Search found no UVA page for Chris Paolucci despite virginia.edu email on grant.,
426,Papin,Jason,Contact PI,NIH,3,,Confirmed,UVA Biomedical Engineering,Current UVA Engineering faculty profile lists him as professor of BME.,https://engineering.virginia.edu/faculty/jason-papin
427,Paredes Olortegui,Maribel,Multi-PI,NIH,1,,Possible,unknown,No results found; likely a Peru-based collaborator but unverified.,
428,Parichy,David,Contact PI,NIH,2,,Confirmed,UVA Department of Biology,Current UVA faculty listing shows Professor of Biology; active lab postings.,https://med.virginia.edu/faculty/faculty-listing/dmp6n/
429,Park,Ki Ho,Multi-PI,NIH,1,,Confirmed,"UVA School of Medicine, Department of Surgery",UVA SOM faculty listing shows Ki Ho Park as assistant professor of Surgery (listing undated).,https://med.virginia.edu/faculty/faculty-listing/uuh2qa/
430,Parker,Margaret,Multi-PI,NIH,2,,Possible,unknown,No Margaret Parker found at UVA; likely co-lead elsewhere but unverified.,
431,Paschal,Bryce,Contact PI,NIH,2,,Confirmed,UVA (tenure-line faculty),Public payroll aggregator shows 2026 UVA tenure-line faculty record; no official profile found in search.,https://openpayrolls.com/employee/bryce-paschal-4164
432,Patel,Amit,Multi-PI,NIH,1,,Possible,unknown,Common name; search returned no specific Amit Patel UVA profile.,
433,Patel,Manoj,"Contact PI, Multi-PI",NIH,2,,Possible,unknown,Search found no UVA anesthesiology page for Manoj Patel.,
434,Paudel,B. Bishal,Contact PI,NIH,1,,Possible,UVA BME postdoc (as of 2022),Only a 2022 UVA SASCO lab member page listing him as BME postdoc.,https://sasco.virginia.edu/lab-member/bishal-paudel/
435,Payne,Jennifer,Contact PI,NIH,2,,Confirmed,UVA Psychiatry & Neurobehavioral Sciences,"UVA faculty listing: Professor and Vice Chair of Research; joined from Johns Hopkins in 2021, 2024 Pinn Scholar.",https://med.virginia.edu/faculty/?p=1730993
436,Peirce-Cottler,Shayn,"PI, Multi-PI","NIH, NSF",2,smp6p@virginia.edu,Confirmed,UVA Dept of Biomedical Engineering (Chair),"UVA news/Wikipedia: chair of UVA BME since 2022, 2024 Landis Award; no sign of departure.",https://en.wikipedia.org/wiki/Shayn_Peirce-Cottler
437,Pelphrey,Kevin,Contact PI,NIH,1,,Confirmed,"UVA School of Medicine, Neurology",2025 UVA seminar listing names him Harrison-Wood Distinguished Professor of Neurology at UVA.,https://www.innovation.lab.virginia.edu/all-seminar-series/v/cn2f7mjh2z27rt8frc6s66xgpx4x86
438,Pemberton,Lucy,Contact PI,NIH,1,,Confirmed,"UVA Dept of Microbiology, Immunology and Cancer Biology",UVA faculty profile lists her as Associate Professor and Director of Graduate Studies; Cancer Center Assoc Director for Education.,https://med.virginia.edu/faculty/faculty-listing/lfp2n/
439,Perez-Reyes,Edward,Contact PI,NIH,2,,Possible,UVA Dept of Pharmacology (unverified as current),"Only undated/older listings (Kerafast, JoVE) place him in UVA Pharmacology; no 2025-2026 evidence found.",https://kerafast.com/cat/687/edward-perez-reyes-phd
440,Perkeybile,Allison,"Contact PI, Multi-PI",NIH,2,,Possible,UVA Dept of Psychology (likely),Joined UVA Psychology in 2021 from Kinsey Institute; latest UVA evidence is a 2024 paper.,https://link.springer.com/article/10.1007/s00429-024-02832-1
441,Peterson,Lisa,PI,NSF,1,lmc6b@virginia.edu,Possible,unknown,"Searches found no UVA Lisa Peterson (likely Lisa Colosi Peterson, engineering) but no confirming result.",
442,Petri,William,"Contact PI, Multi-PI",NIH,6,,Confirmed,"UVA Dept of Medicine, Infectious Diseases",UVA med.virginia.edu profile: Wade Hampton Frost Professor of Medicine and Vice Chair for Research.,https://med.virginia.edu/infectious-diseases/?p=4456
443,Petroni,Gina,Multi-PI,NIH,2,,Confirmed,UVA Dept of Public Health Sciences,"UVA faculty listing gives primary appointment as Professor, Public Health Sciences.",https://med.virginia.edu/faculty/faculty-listing/grp4c/
444,Pfister,Olivier,PI,NSF,2,opfister@virginia.edu,Confirmed,UVA Dept of Physics,Wikipedia and UVA course listings incl. Fall 2026 show him as UVA physics professor.,https://thecourseforum.com/instructor/2251
445,Pires,Marcos,Contact PI,NIH,4,,Confirmed,UVA Dept of Chemistry,UVA pages list him as Associate Professor of Chemistry (2023-present) and Director of Graduate Studies.,https://graduate.as.virginia.edu/taxonomy/term/181
446,Platig,John,Contact PI,NIH,1,,Confirmed,UVA Dept of Genome Sciences,May 2025 UVA SOM news: assistant professor in Genome Sciences awarded $3.5M NHLBI grant.,https://news.med.virginia.edu/?p=42546
447,Platts-Mills,James,Multi-PI,NIH,1,,Confirmed,"UVA Health, Infectious Diseases",Current UVA Health provider profile (accepting new patients); UVA SOM faculty since 2015.,https://www.uvahealth.com/providers/JAMES-PLATTS-MILLS-1164758017
448,Platts-Mills,Thomas,Contact PI,NIH,1,,Confirmed,"UVA Medicine, Allergy & Immunology","UVA/UVA Health news: longtime head of the allergy division, Thomas Jefferson Award in June 2024; no sign he has left.",https://www.news.virginia.edu/content/two-uva-doctors-known-research-and-compassion-receive-universitys-top-honor
449,Pompano,Rebecca,Contact PI,NIH,1,,Confirmed,UVA Chemistry,UVA Chemistry site lists her as professor and shows a 2025 seminar she hosted.,https://chemistry.as.virginia.edu/node?page=39
450,Poon,Joseph,Co-PI,NSF,1,sjp9x@virginia.edu,Confirmed,UVA Physics,William Barton Rogers Professor of Physics at UVA; course listings run through Fall 2025.,https://thecourseforum.com/instructor/1135
451,Portell,Craig,Contact PI,NIH,1,,Confirmed,"UVA Medicine, Hematology/Oncology","Clinical faculty in Hematology/Oncology, practicing at the Emily Couric Cancer Center / UVA Health.",https://targetedonc.com/authors/craig-a-portell-md
452,Porter,Kathleen,Contact PI,NIH,1,,Possible,Unknown,Search found no Kathleen Porter at UVA; only unrelated people with the same name.,
453,Porter,Michael,"PI, Multi-PI","NIH, NSF",2,mdp2u@virginia.edu,Possible,Unknown (has virginia.edu email mdp2u),No UVA profile found for Michael Porter; the ChE search turned up only Marc D. Porter at Utah and unrelated namesakes.,
454,Portilla,Didier,Contact PI,NIH,1,,Confirmed,"UVA Medicine, Nephrology",Listed in the UVA Nephrology faculty directory with an active lab page; at UVA since 2014.,https://med.virginia.edu/nephrology/research/didier-portilla-lab
455,Prakash,B. Aditya,Multi-PI,NIH,1,,Negative,Georgia Institute of Technology,"Current Georgia Tech faculty profile, formerly at Virginia Tech; no UVA appointment, so likely a Multi-PI co-lead from elsewhere.",https://research.gatech.edu/people/b-aditya-prakash
456,Price,Richard,Contact PI,NIH,3,,Confirmed,UVA Biomedical Engineering,UVA faculty listing: Wade Professor of BME and co-director of the Focused Ultrasound Cancer Immunotherapy Center; 2025 paper.,https://med.virginia.edu/faculty/faculty-listing/rjp2z/
457,Proctor,Elizabeth,Contact PI,NIH,1,,Confirmed,"UVA School of Medicine, Neurology",Penn State Center for Healthy Aging page lists her as Associate Professor of Neurology at UVA SOM with a virginia.edu email; she was formerly at Penn State.,https://cfha2024.vmhost.psu.edu/node/1317
458,Purow,Benjamin,Contact PI,NIH,2,,Confirmed,UVA Neurology,UVA SOM news (Feb 2023): neurology professor awarded two R01s for glioblastoma; no sign he has left.,https://news.med.virginia.edu/?p=11649
459,Qi,Ling,Contact PI,NIH,5,,Confirmed,UVA Molecular Physiology & Biological Physics (Chair),"UVA faculty listing: Somlyo Professor and Chair, recruited from Michigan in 2023.",https://med.virginia.edu/faculty/faculty-listing/xvr2hm
460,Qi,Yanjun,PI,NSF,1,yq2h@virginia.edu,Confirmed,UVA Computer Science,"UVA Engineering faculty page lists her as a tenured associate professor of CS (Batten page marks her 'Past', but that is only an adjunct listing).",https://engineering.virginia.edu/faculty/yanjun-qi
461,Qi,You,PI,NSF,1,yq2dw@virginia.edu,Possible,Unknown (has virginia.edu email yq2dw),Search found no You Qi at UVA; only an unrelated Heidelberg doctoral student.,
462,Qian,Kun,PI,NSF,1,xts4uh@virginia.edu,Possible,Unknown,Search found no Kun Qian at UVA; only unrelated people with the same name.,
463,Quigg,Mark,Contact PI,NIH,1,,Confirmed,UVA Neurology / UVA Health,Current UVA Health provider profile as epilepsy neurologist and EEG lab director; also on 2026 ANA speaker page.,https://www.uvahealth.com/providers/Mark-Quigg-1629147269
464,Quigley,James,PI,NSF,2,mbp6pj@virginia.edu,Possible,Unknown,Search found no James Quigley at UVA; the grant email (mbp6pj) does not match the name.,
465,Quinn,Theodore,Co-PI,NSF,1,ted.quinn@wildflowerschools.org,Negative,wildflowerschools.org,External collaborator: NSF lists only a non-UVA email.,
466,Ramakrishnan,Girija,Multi-PI,NIH,1,,Possible,Unknown,"Search found no pages for Girija Ramakrishnan at UVA, only an unrelated Virginia Tech Ramakrishnan.",
467,Ramanadham,Sasanka,Multi-PI,NIH,1,,Possible,University of Alabama at Birmingham (likely),No UVA link found; possible co-lead elsewhere (UAB unverified).,
468,Ratan,Aakrosh,Multi-PI,NIH,2,,Confirmed,UVA Genome Sciences,"UVA SOM faculty listing: Associate Professor, Genome Sciences; Sept 2024 LGL leukemia grant news.",https://med.virginia.edu/faculty/faculty-listing/ar7jq/
469,Ratcliffe,Sarah,Contact PI,NIH,1,,Confirmed,"UVA Public Health Sciences, Biostatistics","UVA PHS pages list her as Professor, Director of Biostatistics and Senior Vice Chair for Research.",https://med.virginia.edu/advanced-medical-analytics/our-people/sarah-ratcliffe-phd/
470,Ray,Patricio,Contact PI,NIH,3,,Confirmed,"University of Virginia, Dept. of Pediatrics",UVA Pediatrics job postings (AAMC) recruit a lab specialist to support Dr. Patricio Ray's research; postings undated.,https://careerconnect.aamc.org/job/laboratory-specialist-senior-staff-wage/85770962/
471,Redemann,Stefanie,Contact PI,NIH,1,,Confirmed,"University of Virginia School of Medicine, Physiology & Biophysics","Active Redemann Lab site on med.virginia.edu; joined UVA Physiology in 2018, no evidence of departure.",https://med.virginia.edu/redemann-lab/?p=1374
472,Reedy,Aaron,Co-PI,NSF,1,aaron@dataclassroom.com,Negative,dataclassroom.com,External collaborator: NSF lists only a non-UVA email.,
473,Reidenbach,Matthew,Co-PI,NSF,1,reidenbach@virginia.edu,Possible,"University of Virginia, Environmental Sciences (as of 2023)",Only found a Jan 2023 UVA EVSC news item honoring Matt Reidenbach; no 2025-2026 evidence.,https://evsc.as.virginia.edu/news/story/7206
474,Reidy,Kimberly,Multi-PI,NIH,1,,Negative,"Montefiore / Albert Einstein College of Medicine (Bronx, NY)",Kimberly J. Reidy is Chief of Pediatric Nephrology at Montefiore and faculty at Einstein; Multi-PI co-lead elsewhere.,https://montefioreeinstein.org/profiles/1760652556/kimberly-j
475,Reinke,Petra,PI,NSF,1,pr6e@virginia.edu,Confirmed,"University of Virginia, Materials Science and Engineering","Current UVA Engineering faculty page lists Petra Reinke as professor of MSE, email pr6e@virginia.edu.",https://engineering.virginia.edu/faculty/petra-reinke
476,Ribic,Adema,Contact PI,NIH,1,,Confirmed,"University of Virginia, Psychology/Neuroscience",UVA SOM faculty listing and Ribic NeuroLab (Gilmer Hall) show her as Assistant Professor of Neuroscience at UVA.,https://med.virginia.edu/faculty/faculty-listing/ar5pt/
477,Rich,Stephen,Contact PI,NIH,2,,Confirmed,"University of Virginia School of Medicine, Center for Public Health Genomics","UVA faculty listing shows Stephen S. Rich, Harrison Professor of Public Health Sciences (director emeritus of CPHG).",https://med.virginia.edu/faculty/faculty-listing/ssr4n/
478,Ritterband,Lee,"Contact PI, Multi-PI",NIH,2,,Confirmed,"University of Virginia School of Medicine, Psychiatry & Neurobehavioral Sciences",UVA faculty listing shows Ritterband as professor and director of the Center for Behavioral Health and Technology.,https://med.virginia.edu/faculty/faculty-listing/lr5b/
479,Roberson-Nay,Roxann,Multi-PI,NIH,1,,Confirmed,"University of Virginia School of Medicine, Psychiatry & Neurobehavioral Sciences",UVA SOM faculty listing shows Roberson-Nay as Professor of Psychiatry; earlier career at VCU (through at least 2019).,https://med.virginia.edu/faculty/faculty-listing/kac8uu
480,Rodriguez Lozano,Patricia,Contact PI,NIH,1,,Possible,"UVA Health, Cardiology (per undated AHA article)","AHA Eastern States article describes her leading UVA's Women's Heart Care Program; undated, no UVA-domain profile found.",https://easternstates.heart.org/?p=18400
481,Rohde,Gustavo,Contact PI,NIH,1,,Confirmed,"University of Virginia, Biomedical Engineering / ECE",UVA SOM faculty listing shows Rohde as Professor of BME; elected AIMBE Fellow in 2025 as UVA faculty.,https://med.virginia.edu/faculty/faculty-listing/gr2z/
482,Rolf,James,PI,NSF,1,jsr2pz@virginia.edu,Possible,"University of Virginia, Mathematics (as of 2018)",2018 UVA Math Bulletin reports hiring James Rolf for calculus reform; no 2025-2026 evidence found.,https://math.virginia.edu/2018/12/bulletin/
483,Ronfeldt,Matthew,Co-PI,NSF,1,ronfeldt@umich.edu,Negative,umich.edu,External collaborator: NSF lists only a non-UVA email.,
484,Rosenthal,Eric,Multi-PI,NIH,1,,Possible,Unknown,"No UVA-linked Eric Rosenthal found; results show others (e.g., Eric S. Rosenthal at Mass General), likely a Multi-PI elsewhere.",https://www.massgeneral.org/vascular-center/doctors/18529/eric-rosenthal
485,Rosner,Mitchell,Multi-PI,NIH,1,,Confirmed,"UVA Health / University of Virginia School of Medicine, Nephrology","Current uvahealth.com provider profile for Mitchell H. Rosner, MD; leads UVA Health as EVP for health affairs.",https://uvahealth.com/providers/Mitchell-Rosner-1164591707
486,Ross,Kathryn,Multi-PI,NIH,1,,Negative,"University of Florida, Clinical and Health Psychology",Kathryn M. Ross is Associate Professor & Associate Chair for Research at UF; no UVA link found (Multi-PI co-lead elsewhere).,https://cicmd.center.ufl.edu/profile/ross-kathryn/
487,Ruiz,Fernando,Contact PI,NIH,1,,Possible,Unknown,Two searches found no Fernando Ruiz linked to UVA; common name.,
488,Russell,Shawn,Co-PI,NSF,1,sdr2n@virginia.edu,Possible,"University of Virginia, Orthopaedic Surgery/Engineering (as of 2018)",Only a 2018 UVA Today faculty spotlight on Prof. Shawn Russell found; NSF record has virginia.edu email.,https://news.virginia.edu/video/faculty-spotlight-professor-shawn-russell?page=12
489,Rutkowski,Melanie,"Contact PI, Multi-PI",NIH,2,,Possible,University of Virginia (as of 2019); possibly Texas A&M,"UVA evidence dates to 2019, but a Rutkowski Lab page on research.tamhsc.edu (Texas A&M) suggests a possible move.",https://research.tamhsc.edu/rutkowskilab/group/about
490,Santiago,Araceli,Contact PI,NIH,2,,Possible,,Two searches found no Araceli Santiago linked to UVA; only unrelated namesakes.,
491,Saucerman,Jeffrey,Contact PI,NIH,4,,Confirmed,UVA Biomedical Engineering,"Current UVA Engineering faculty profile; AIMBE fellow 2023, cardiac systems biology lab.",https://engineering.virginia.edu/faculty/jeffrey-saucerman
492,Savier,Elise,Multi-PI,NIH,1,,Negative,University of Michigan (Molecular & Integrative Physiology),Former UVA Cang lab postdoc; became Assistant Professor at U Michigan Jan 2023.,https://ion.uoregon.edu/ionsem-230502-elise-savier
493,Schiro,Kathleen,PI,NSF,1,kschiro@virginia.edu,Possible,unknown,No search results found for this name; has virginia.edu email on NSF grant.,
494,Scialla,Julia,Multi-PI,NIH,1,,Confirmed,"UVA School of Medicine, Nephrology",Sept 2025 UVA nephrology update names her director of Nephrology Clinical Research Center; UVA Health provider profile.,https://www.uvahealth.com/providers/Julia-Scialla-1780730036
495,Scott,Evan,Contact PI,NIH,1,,Confirmed,UVA Biomedical Engineering / nanoSTAR,Joined UVA 2024 from Northwestern as nanoSTAR director; later UVA giving stories show him at UVA.,https://news.med.virginia.edu/featured/evan-scott-phd-appointed-to-direct-uva-nanostar/
496,Sedigh-Sarvestani,Madineh,Multi-PI,NIH,1,,Negative,Cornell University (Neurobiology and Behavior),Runs Sarvestani lab at Cornell; Multi-PI co-lead at another institution.,https://www.nature.com/naturecareers/apply/12848945/research-technician-sarvestani-lab
497,Sequeira,Stefanie,"Contact PI, Co-PI","NIH, NSF",2,zbp2sm@virginia.edu,Confirmed,UVA Department of Psychology,Scholars profile lists her as Assistant Professor of Psychology at UVA; virginia.edu email on grant.,https://scholars.org/scholar/stefanie-l-sequeira
498,Sequeira-Lopez,Maria Luisa,Multi-PI,NIH,1,,Confirmed,"UVA School of Medicine, Pediatrics","UVA Health researcher highlight: Harrison Distinguished Professor of Pediatrics, renin research; 2024 lab output.",https://www.uvahealth.com/healthy-practice/researcher-highlight-sequeira-lopez
499,Shaffer,Kelly,Contact PI,NIH,1,,Confirmed,UVA Psychiatry and Neurobehavioral Sciences,Current med.virginia.edu faculty listing as Associate Professor.,https://med.virginia.edu/faculty/faculty-listing/kms8nr/
500,Shafiee-Jood,Majid,Co-PI,NSF,1,ms2dm@virginia.edu,Confirmed,UVA Engineering (Civil & Environmental / Systems & Information Engineering),UVA SIE people listing shows him as Research Assistant Professor; joined UVA in 2020; virginia.edu email on grant.,https://engineering.virginia.edu/department/systems-and-information-engineering/people?page=3
501,Sharma,Ajay,Multi-PI,NIH,1,,Possible,,Common name; two searches found no Ajay Sharma at UVA (one namesake at Univ. of Georgia); likely Multi-PI elsewhere.,
502,Sharma,Rahul,Contact PI,NIH,1,,Confirmed,"UVA School of Medicine, Nephrology","UVA nephrology pages list Rahul Sharma PhD, Associate Professor; Virginia Catalyst grant; no evidence of departure.",https://med.virginia.edu/nephrology/our-division/awards-honors-scientific-contributions/
503,Shaughnessy,Meghan,Co-PI,NSF,1,mshaugh@bu.edu,Negative,bu.edu,External collaborator: NSF lists only a non-UVA email.,
504,Sheffield,Nathan,"Contact PI, Multi-PI",NIH,2,,Confirmed,"UVA School of Medicine, Genome Sciences",April 2025 UVA Genome Sciences news on his new genomic data standard; Associate Professor at UVA.,https://med.virginia.edu/genome-sciences/2025/04/03/new-tool-streamlines-genomic-research-accelerating-biomedical-breakthroughs/
505,Shen,Cong,"PI, Co-PI",NSF,3,cong@virginia.edu,Confirmed,UVA Electrical and Computer Engineering,Current UVA Engineering faculty page lists him as Associate Professor of ECE.,https://engineering.virginia.edu/faculty/cong-shen
506,Shen,Haiying,PI,NSF,2,hs6ms@virginia.edu,Confirmed,UVA Computer Science,UVA Engineering faculty profile lists her in Computer Science (latest dated item 2022 ACM honor).,https://engineering.virginia.edu/faculty/haiying-shen
507,Shepherd,Lois,Contact PI,NIH,1,,Confirmed,"UVA School of Medicine, Center for Health Humanities and Ethics / Law",UVA biomedical ethics faculty page and 2024 vita show her as Wallenborn Professor at UVA.,https://med.virginia.edu/biomedical-ethics/people/lois-shepherd/
508,Shepherd,Max,Multi-PI,NIH,1,,Negative,Northeastern University,"Max Shepherd is an assistant professor at Northeastern (engineering + rehabilitation), joined 2022; Multi-PI co-lead, not UVA.",https://coe.northeastern.edu/people/shepherd-max
509,Sherriff,Mark,PI,NSF,1,mss2x@virginia.edu,Confirmed,UVA Computer Science,UVA faculty page plus SIGCSE 2026 profile list him as Professor of CS at UVA.,https://engineering.virginia.edu/faculty/mark-sherriff-0
510,Sherwood,Paula,Contact PI,NIH,1,,Confirmed,UVA School of Nursing,UVA Nursing profile and 2024 new-faculty news: moved from Pitt to UVA in 2024.,https://nursing.virginia.edu/news/new-faculty-2024/
511,Sheybani,Natasha,Contact PI,NIH,2,,Confirmed,UVA Biomedical Engineering,April 2025 news on her $5.5M DoD grant as UVA BME assistant professor; UVA lab page.,https://www.news-medical.net/news/20250411/UVA-researcher-wins-major-grant-to-revolutionize-breast-cancer-treatment.aspx
512,Sheynkman,Gloria,Contact PI,NIH,2,,Possible,UVA Molecular Physiology and Biological Physics (as of 2024),"Only a 2024 UVA CVRC seminar listing (as Assistant Professor, MPBP) found; no 2025-26 evidence.",https://www.cvrc.virginia.edu/seminars/2024-03-11/
513,Shi,Yingtang,Multi-PI,NIH,1,,Possible,,"One search found no Yingtang Shi profile anywhere; Multi-PI, may be at another institution.",
514,Shim,Yun,Multi-PI,NIH,1,,Confirmed,UVA School of Medicine,"UVA SOM faculty listing page for Yun Shim (yss6n), updated June 2025.",https://med.virginia.edu/faculty/faculty-listing/yss6n/yss6n-2/
515,Shin,Jung-Bum,Contact PI,NIH,2,,Confirmed,"UVA School of Medicine, Neuroscience","UVA Neuroscience primary faculty page lists him as Professor, Auditory Neurobiology.",https://med.virginia.edu/neuroscience/faculty/primary-faculty/jung-bum-shin-ph-d/
516,Shin,Thomas,Contact PI,NIH,1,,Confirmed,"UVA School of Medicine, Surgery","Feb 2025 UVA SOM research news profiles Thomas Shin, MD, PhD, bariatric surgeon-scientist.",https://news.med.virginia.edu/category/research/page/15
517,Shukla,Nikhil,"PI, Co-PI",NSF,4,ns6pf@virginia.edu,Confirmed,UVA Electrical and Computer Engineering / MSE,UVA Engineering pages show him as associate professor leading the Computing Hardware Research Lab.,https://engineering.virginia.edu/labs-groups/computing-hardware-research-lab
518,Sidiropoulos,Nikolaos,PI,NSF,1,nikos@virginia.edu,Confirmed,UVA Electrical and Computer Engineering,IEEE SPS profile lists him as Louis T. Rader Professor of ECE at UVA; virginia.edu email.,https://signalprocessingsociety.org/index.php/tags/nikolaos-sidiropoulos
519,Siegrist,Mary,Multi-PI,NIH,3,,Possible,unknown,Two searches found no Mary Siegrist at UVA or elsewhere; Multi-PI may be at another institution.,
520,Siegrist,Sarah,Contact PI,NIH,1,,Confirmed,"University of Virginia, Department of Biology",UVA expand.virginia.edu NRT profile lists her in the Biology Department.,https://expand.virginia.edu/people/sarah-siegrist
521,Silbergleit,Robert,Multi-PI,NIH,1,,Negative,University of Michigan,"Professor of emergency medicine at the University of Michigan, SIREN network CCC PI; Multi-PI co-lead, not at UVA.",https://www.uofmhealth.org/profile/1045/robert-silbergleit-md
522,Singh,Meenesh,Co-PI,NSF,1,mrsingh@uic.edu,Negative,uic.edu,External collaborator: NSF lists only a non-UVA email.,
523,Siracusa,Mark,Multi-PI,NIH,1,,Negative,Rutgers Biomedical and Health Sciences (Newark),Frontiers Loop profile lists Mark C. Siracusa at Rutgers; Multi-PI co-lead elsewhere.,https://loop.frontiersin.org/people/328078
524,Skadron,Kevin,"PI, Co-PI",NSF,2,skadron@cs.virginia.edu,Confirmed,"University of Virginia, Computer Science",Harry Douglas Forsyth Professor of CS at UVA; current UVA Engineering news and CRISP pages.,https://engineering.virginia.edu/news-events/news/uva-engineerings-skadron-elected-virginia-academy-science-engineering-and-medicine
525,Slawski,Martin,PI,NSF,1,ebh3ep@virginia.edu,Confirmed,"University of Virginia, Department of Statistics",UVA A&S faculty profile as associate professor of statistics; teaching listed through Spring 2026.,https://as.virginia.edu/faculty-profile/martin-slawski
526,Slingluff,Craig,Contact PI,NIH,1,,Confirmed,"UVA Health / School of Medicine, Surgery",UVA Health provider page; May 2025 UVA Cancer Center news names him a consortium representative.,https://uvahealth.com/providers/craig-slingluff-1477687283
527,Smith,Jeffrey,Contact PI,NIH,2,,Confirmed,"University of Virginia School of Medicine, Biochemistry and Molecular Genetics","Current med.virginia.edu faculty listing for Jeffrey S. Smith, Professor of BMG (yeast silencing/aging).",https://med.virginia.edu/faculty/faculty-listing/jss5y/
528,Smith,Lora,Contact PI,NIH,1,,Possible,unknown,"Search found no Lora Smith at UVA, only similarly named people elsewhere.",
529,Smith,Scott,Contact PI,NIH,2,,Possible,possibly UVA Health Infectious Diseases,"Only a Healthline listing for a Dr. Scott Smith at UVA Health Infectious Diseases Clinic; common name, unverified.",https://care.healthline.com/find-care/provider/dr-scott-smith-1538216346
530,Soffa,Mary,Co-PI,NSF,1,soffa@cs.virginia.edu,Negative,University of Virginia (emerita),UVA Engineering faculty page lists her as Owen R. Cheatham Professor of Sciences Emerita; retired.,https://www.engineering.virginia.edu/faculty/mary-lou-soffa
531,Soland,James,"PI, Co-PI",NSF,2,jgs8e@virginia.edu,Confirmed,"University of Virginia, School of Education and Human Development",Expert directory lists him as associate professor of quantitative methods at UVA SEHD; NSF email is virginia.edu.,https://www.newswise.com/users/expert-list-expertise/59990_Standardized+Tests
532,Somerville,Lindsay,Contact PI,NIH,1,,Possible,unknown,"Two searches (pediatrics, cystic fibrosis) returned no page naming Lindsay Somerville at UVA.",
533,Song,Hyun-Seob,Co-PI,NSF,1,hsong5@unl.edu,Negative,unl.edu,External collaborator: NSF lists only a non-UVA email.,
534,Sonkusare,Swapnil,Contact PI,NIH,3,,Confirmed,"University of Virginia School of Medicine, Molecular Physiology and Biological Physics",Named a UVA Pinn Scholar in July 2025.,https://med.virginia.edu/physiology-biophysics/2025/07/03/swapnil-sonkusare-appointed-as-a-pinn-scholar-congratulations/
535,Sontheimer,Harald,Contact PI,NIH,1,,Confirmed,"University of Virginia School of Medicine, Neuroscience (Chair)",UVA Neuroscience faculty page lists him as Professor and Chair; 2025 prize lists UVA.,https://med.virginia.edu/neuroscience/faculty/primary-faculty/harald-sontheimer-ph-d/
536,Spencer,Brady,Contact PI,NIH,1,,Possible,"University of Virginia School of Medicine, Microbiology, Immunology, and Cancer Biology",Sept 2024 UVA SOM news reports assistant professor Brady Spencer got an NIH K22; no 2025-26 evidence found.,https://news.med.virginia.edu/?p=32965
537,Sperling,Anne,Contact PI,NIH,2,,Confirmed,"University of Virginia School of Medicine, Pulmonary and Critical Care",UVA pulmonary faculty page; named UVA COWIMS Honoree of the Month in June 2025.,https://med.virginia.edu/pulmonary/bench-research/anne-i-sperling-phd
538,Spiliotis,Elias,Contact PI,NIH,1,,Confirmed,"University of Virginia School of Medicine, Cell Biology",Joined UVA Cell Biology from Drexel in 2024; July 2025 UVA news reports a NIGMS grant.,https://med.virginia.edu/cell-biology/2024/02/15/uva-cell-biology-welcomes-dr-elias-spiliotis/
539,Stains,Cliff,Contact PI,NIH,1,,Confirmed,UVA Chemistry,UVA chemistry course listings through Spring 2025 and his UVA group site carries Oct 2025 lab news.,https://uva.theopenscholar.com/cliff-stains/links-new
540,Stains,Marilyne,PI,NSF,2,mstains@virginia.edu,Confirmed,UVA Chemistry,"UVA Chemistry people page lists her as professor (joined 2019, full professor 2022).",https://chemistry.as.dev.artscid9.virginia.edu/people/marilyne-stains
541,Stan,Mircea,Co-PI,NSF,1,mircea@virginia.edu,Possible,UVA ECE (likely),"Only Math Genealogy shows UVA PhD students (2007, 2015); no current profile surfaced, though grant email is virginia.edu.",https://mathgenealogy.org/id.php?id=133412
542,Steen,Amber,Contact PI,NIH,1,,Possible,unknown,Two searches found no Amber Steen at UVA or elsewhere.,
543,Stukenberg,P. Todd,Contact PI,NIH,2,,Possible,UVA Biochemistry & Molecular Genetics,UVA SOM news from 2022-2023 shows him as professor; no 2025+ evidence found.,https://med.virginia.edu/bmg/2023/02/02/dr-david-wotton-and-dr-todd-stukenberg-awarded-the-2022-uva-research-collaboration-award/
544,Stupp,Samuel,Multi-PI,NIH,1,,Negative,Northwestern University,Board of Trustees Professor at Northwestern; no UVA affiliation (Multi-PI co-lead elsewhere).,https://chemistry.northwestern.edu/people/core-faculty/profiles/samuel-stupp.html
545,Sturek,Jeffrey,Contact PI,NIH,1,,Confirmed,UVA School of Medicine (Pulmonary/Critical Care),"Aug 2025 UVA SOM news: associate professor, new $4M NHLBI grant.",https://news.med.virginia.edu/?p=49304
546,Sullivan,Brynne,Multi-PI,NIH,1,,Confirmed,"UVA School of Medicine, Pediatrics/Neonatology (Center for Advanced Medical Analytics)",UVA faculty page lists her as associate professor of pediatrics and CAMA director.,https://med.virginia.edu/advanced-medical-analytics/our-people/brynne-sullivan-md-msc/
547,Sumner,D,Multi-PI,NIH,1,,Negative,Rush University Medical Center,"Likely D. Rick Sumner, professor and chair at Rush per April 2026 CV; Multi-PI co-lead elsewhere.",https://www.rushu.rush.edu/sites/default/files/2026-04/SumnerCV-04-2026.pdf
548,Sun,Jie,"Contact PI, Multi-PI",NIH,8,,Confirmed,"UVA School of Medicine, Infectious Diseases / Carter Immunology Center",UVA faculty listing and 2026 Carter Center news (NIH grant April 2026) show him at UVA.,https://med.virginia.edu/faculty/faculty-listing/js6re/
549,Sun,Shengyi,"Contact PI, Multi-PI",NIH,2,,Confirmed,"UVA School of Medicine, Dept of Pharmacology",UVA faculty listing and 2025 UVA Cancer Center news show her as associate professor of pharmacology.,https://med.virginia.edu/cancer-research/about-us/news/news-archive-2025/cancer-center-research-faculty-welcomes-shengyi-iris-sun-phd/
550,Sun,Ye,PI,NSF,1,dzv7sg@virginia.edu,Confirmed,UVA Dept of Mechanical and Aerospace Engineering,UVA engineering directory lists Ye (Sarah) Sun as associate professor in MAE.,https://engineering.virginia.edu/faculty/s?page=3
551,Sun,Yixin,PI,NSF,1,ys3kz@virginia.edu,Confirmed,UVA Dept of Computer Science,UVA faculty page and CV (Spring 2026 courses) show her as CS assistant professor.,https://engineering.virginia.edu/faculty/yixin-sun
552,Sutherland,Ann,Multi-PI,NIH,1,,Possible,unknown,Search found no Ann Sutherland at UVA.,
553,Suzuki,Masako,Multi-PI,NIH,1,,Negative,Texas A&M University,Only matching Masako Suzuki is an assistant professor at Texas A&M (adjunct at Einstein); likely Multi-PI co-lead elsewhere.,https://loop.frontiersin.org/people/1095956
554,Swami,Nathan,Contact PI,NIH,2,,Possible,UVA ECE (likely),Only an old undated Wichita State notice lists him as UVA ECE assistant professor.,https://www.wichita.edu/about/wsunews/archive/index.php?cnid=4779
555,Swenor,Bonnielin,Multi-PI,NIH,1,,Negative,Johns Hopkins University,Director of JHU Disability Health Research Center; no UVA link (Multi-PI co-lead elsewhere).,https://nursing.jhu.edu/faculty-research/faculty/directory/bonnielin-swenor
556,Tamm,Lukas,Multi-PI,NIH,1,,Confirmed,UVA Molecular Physiology & Biological Physics,"UVA SOM faculty listing: Harrison Professor, Director of Center for Membrane and Cell Physiology.",https://med.virginia.edu/faculty/faculty-listing/lkt2e/
557,Tan,Jonathan,Co-PI,NSF,1,jctan.astro@gmail.com,Confirmed,UVA Astronomy,UVA Astronomy faculty & senior research staff directory lists him as Research Professor (VITA).,https://astronomy.as.virginia.edu/faculty-senior-research-staff
558,Tang,Shangming,Contact PI,NIH,1,,Possible,unknown,No search result for Shangming Tang at UVA or elsewhere.,
559,Tang,Tengteng,PI,NSF,1,Toni.Tang@virginia.edu,Possible,unclear (UVA email on grant; Union College page found),Undated Union College page lists a Tengteng Tang as ME assistant professor; no UVA page found despite virginia.edu grant email.,https://www.union.edu/me/faculty-staff/tengteng-tang
560,Taniuchi,Mami,Contact PI,NIH,1,,Possible,"UVA Medicine, Infectious Diseases",Sept 2023 UVA SOM news lists her as associate professor; no 2025+ evidence.,https://news.med.virginia.edu/category/faculty/page/31
561,Teachman,Bethany,Multi-PI,NIH,2,,Confirmed,UVA Psychology,UVA TYDE page and Newswise profile show Commonwealth Professor and Director of Clinical Training at UVA.,https://tyde.virginia.edu/?p=305
562,Teague,William,Contact PI,NIH,1,,Confirmed,UVA Pediatrics (Respiratory Medicine),"UVA CHRC key-investigator page lists W. Gerald Teague, Ivy Foundation Distinguished Professor of Pediatrics.",https://med.virginia.edu/chrc/key-investigators/w-gerald-teague-md/
563,Teles,Mariana,Co-PI,NSF,1,mt2yq@virginia.edu,Possible,unknown,Two searches found no Mariana Teles at UVA; grant email mt2yq@virginia.edu is a UVA computing ID.,
564,Tepe,Jetze,Contact PI,NIH,1,,Confirmed,UVA Chemistry / UVA Cancer Center,Joined UVA Chemistry Jan 2024 as Cancer Center Director of Drug Discovery (moved from Michigan State).,https://med.virginia.edu/cancer-research/about-us/news/news-archive-2024/jetze-tepe-phd-joins-cancer-center-research-faculty/
565,Therrien,William,PI,NSF,1,wjt2c@virginia.edu,Confirmed,UVA School of Education and Human Development,UVA education directory lists William J. Therrien as Thomas G. Jewell Professor of Education.,https://education.virginia.edu/about/directory/william-j-therrien
566,Thomas,Edwin,PI,NSF,1,elt@tamu.edu,Negative,tamu.edu,External collaborator: NSF lists only a non-UVA email.,
567,Timko,Michael,Co-PI,NSF,1,mpt9g@virginia.edu,Confirmed,"UVA (Professor, Chemical Engineering)",Public payroll data shows Michael Timko as UVA Professor with a 2026 salary entry.,https://openpayrolls.com/employee/michael-timko-4164
568,Toldo,Stefano,Multi-PI,NIH,1,,Confirmed,"UVA School of Medicine, Cardiovascular Medicine",UVA CVRC and med.virginia.edu profiles list him as Associate Professor of Medicine; he moved from VCU.,https://www.cvrc.virginia.edu/faculty-individual/?Id=167
569,Torrey,Paul,PI,NSF,2,ygn5rz@virginia.edu,Confirmed,UVA Department of Astronomy,UVA Astronomy faculty listing shows Paul Torrey as Associate Professor.,https://astronomy.as.virginia.edu/faculty-senior-research-staff
570,Tsai,Ming-Feng,Contact PI,NIH,1,,Confirmed,"UVA School of Medicine, Molecular Physiology and Biological Physics",UVA med faculty listing shows him as Associate Professor (lab at tsaislab.org); he moved from Colorado after 2023.,https://med.virginia.edu/faculty/faculty-listing/vmf6uw/
571,Tsihlis,Nick,Contact PI,NIH,1,,Confirmed,UVA Departments of Surgery and Biomedical Engineering,Kibbe-Tsihlis lab page lists Nick D. Tsihlis as Professor of Research and co-PI.,https://med.virginia.edu/kibbe-tsihlis-lab/team-members/
572,Tsung,Allan,"Contact PI, Multi-PI",NIH,2,,Confirmed,"UVA School of Medicine, Chair of Surgery","UVA Surgery faculty listing shows Allan Tsung as Professor and Chair, appointed in 2022.",https://med.virginia.edu/surgery/faculty-listing
573,Tzounopoulos,Thanos,Multi-PI,NIH,1,,Negative,University of Pittsburgh (Otolaryngology),Pitt pages list him as Professor and Director of the Pittsburgh Hearing Research Center; he is a Multi-PI co-lead at another institution.,https://cnup.pitt.edu/people/thanos-tzounopoulos-phd
574,Valdez,Rupa,Contact PI,NIH,1,,Confirmed,UVA Public Health Sciences / Engineering Systems and Environment,UVA Engineering faculty directory lists Rupa S. Valdez; UVA Health news shows her as Associate Professor.,https://engineering.virginia.edu/faculty/v
575,Van Berlo,Johannes (Jop),Multi-PI,NIH,1,,Negative,University of Minnesota (Lillehei Heart Institute / Stem Cell Institute),Search results place Jop van Berlo at the University of Minnesota and show no UVA link; he is a Multi-PI co-lead elsewhere.,https://app.jove.com/author/42969/jop-h-van-berlo
576,Van Horn,John,Contact PI,NIH,1,,Confirmed,UVA School of Data Science and Department of Psychology,UVA Data Science profile and 2025 OHBM award news show him at UVA.,https://datascience.virginia.edu/news/john-van-horn-recognized-ohbm-2025-education-neuroimaging-award
577,Vassallo,Robert,Multi-PI,NIH,1,,Negative,"Mayo Clinic, Rochester MN (Pulmonology)",Mayo Clinic biography lists Robert Vassallo as a pulmonologist in Rochester; no UVA listing found.,https://www.mayoclinic.org/biographies/vassallo-robert-m-d/bio-20054445
578,Vecchiarello,Nicholas,PI,NSF,1,qzv7pp@virginia.edu,Confirmed,UVA Department of Chemical Engineering,UVA ChemE directory lists Nick Vecchiarello as Assistant Professor; UVA news reports his NSF CAREER award.,https://engineering.virginia.edu/department/chemical-engineering/people?page=3
579,Venkat,Ashish,"PI, Co-PI",NSF,3,av6ds@virginia.edu,Confirmed,UVA Department of Computer Science,UVA Engineering pages list Ashish Venkat as William Wulf Career Enhancement Associate Professor.,https://engineering.virginia.edu/department/computer-science/people?page=7
580,Venton,B.,"Contact PI, Multi-PI",NIH,5,,Confirmed,UVA Department of Chemistry (Chair),B. Jill Venton is Thomas Jefferson Professor and Chair of UVA Chemistry per the UVA lab site and CV.,https://uva.theopenscholar.com/venton-group/jill-venton
581,Von Gaudecker,Jane,Contact PI,NIH,1,,Possible,Indiana University School of Nursing,Conflicting: UVA Nursing page lists her; Indiana University news from Sept-Oct 2025 still shows her at IU.,https://nursing.iu.edu/directory/profiles/von-gaudecker-jane.html
582,Vucelja,Marija,PI,NSF,1,mvucelja@virginia.edu,Confirmed,UVA Department of Physics,theCourseForum shows her teaching UVA physics courses through Fall 2025 with a virginia.edu email.,https://thecourseforum.com/instructor/6572
583,Vullikanti,Anil,"Contact PI, PI, Co-PI","NIH, NSF",3,asv9v@virginia.edu,Confirmed,UVA Computer Science and Biocomplexity Institute,UVA Engineering profile plus 2025 UVA award news show him as Professor at UVA.,https://engineering.virginia.edu/faculty/anil-vullikanti
584,Walsh,Kenneth,Contact PI,NIH,2,,Confirmed,"UVA School of Medicine, Berne Cardiovascular Research Center","UVA news and CVRC pages list him as Lockhart B. McGuire Professor of Medicine directing the Hematovascular Biology Center, with recent NIH grant news.",https://www.cvrc.virginia.edu/tag/walsh/
585,Wang,Jingming,PI,NSF,1,pdw9qv@virginia.edu,Confirmed,UVA Department of Statistics,Current UVA Statistics people page lists her as Assistant Professor.,https://statistics.as.virginia.edu/people/jingming-wang
586,Wang,Lixin,Contact PI,NIH,1,,Possible,unknown,"Two searches found no UVA-linked Lixin Wang, only same-name researchers in China.",
587,Wang,Tianhao,"PI, Co-PI",NSF,4,tianhao@virginia.edu,Confirmed,UVA Computer Science / School of Data Science,UVA TYDE team page and CS news list him as an assistant professor with an NSF CAREER award.,https://tyde.virginia.edu/team/tianhao-wang/
588,Wang,Weiqiang,PI,NSF,1,ww9c@virginia.edu,Possible,UVA Mathematics (likely),"Math Genealogy shows UVA PhD students through 2024, but no 2025-2026 UVA profile found.",https://www.mathgenealogy.org/id.php?id=65146
589,Weaver,Tyler,Contact PI,NIH,1,,Possible,unknown,Only an undated payroll aggregator lists a UVA Assistant Professor named Tyler Weaver; no department found.,https://openpayrolls.com/employee/anda-webb-4164
590,Wenker,Ian,Contact PI,NIH,1,,Confirmed,UVA School of Medicine (Wenker Lab),"UVA Wenker Lab news shows activity through Feb 2026, including a UVA Research in Motion talk.",https://med.virginia.edu/wenker-lab/lab-news/
591,Whitlock,Jarred,Contact PI,NIH,1,,Confirmed,UVA Department of Molecular Physiology and Biophysics,UVA MPBP announcement says he joined as an assistant professor in Sept 2024; no sign he left.,https://med.virginia.edu/physiology-biophysics/2024/10/09/welcome-two-new-mpbp-faculty/
592,Whittaker,Jessica,Co-PI,NSF,1,jew9t@virginia.edu,Confirmed,UVA School of Education and Human Development,theCourseForum shows UVA Education courses taught by her through Spring 2026; she has a virginia.edu email.,https://thecourseforum.com/instructor/4130
593,Wilson,Barbara,Co-PI,NSF,1,bbwilson@virginia.edu,Possible,UVA School of Architecture (likely Barbara Brown Wilson),Search shows a Barbara Brown Wilson in UVA urban planning (older pages); no 2025-2026 evidence found.,https://clarke.dickinson.edu/barbara-brown-wilson/
594,Wilson,Beverly,Co-PI,NSF,1,bw6xs@virginia.edu,Confirmed,"UVA School of Architecture, Urban and Environmental Planning",Current UVA Architecture profile lists Bev Wilson as a professor of urban and environmental planning.,https://www.arch.virginia.edu/people/bev-wilson
595,Wilson,Jonee,PI,NSF,1,vma8ze@virginia.edu,Confirmed,UVA School of Education and Human Development,UVA Education directory lists her as an associate professor of mathematics education (formerly at NC State).,https://education.virginia.edu/about/directory/jonee-wilson
596,Winckler,Bettina,Contact PI,NIH,2,,Confirmed,"UVA School of Medicine, Department of Cell Biology (Chair)",An Aug 2026 UVA Health news item names her chair of the Department of Cell Biology.,https://www.uvahealth.com/news/leading-nervous-system-researcher-chair-uva-department-cell-biology
597,Wiseman,Kara,Contact PI,NIH,1,,Confirmed,"UVA School of Medicine, Public Health Sciences",Feb 2026 UVA SOM news covers her award and Research in Motion profile as an assistant professor.,https://news.med.virginia.edu/newsletter/2-19-26-issue/
598,Witt,Russell,Contact PI,NIH,1,,Possible,unknown,Two searches found no evidence of a Russell Witt at UVA.,
599,Wolf,Matthew,Multi-PI,NIH,2,,Confirmed,"UVA School of Medicine, Cardiovascular Medicine","UVA SOM faculty profile lists Matthew J. Wolf as Professor of Cardiovascular Medicine, with a lab in the Berne CVRC.",https://med.virginia.edu/faculty/faculty-listing/mjw5mc/
600,Wong,Vivian,Co-PI,NSF,1,vcw2n@virginia.edu,Confirmed,UVA School of Education and Human Development,"Search results describe her as Associate Professor of Research, Statistics and Evaluation at UVA SEHD; her email is a virginia.edu address.",https://www.brookings.edu/author/vivian-wong/
601,Wood,Adrienne,PI,NSF,1,adrienne.wood@virginia.edu,Confirmed,UVA Dept of Psychology,UVA TYDE profile lists her as Assistant Professor of Psychology; she received a 2025 UW alumni award.,https://tyde.virginia.edu/team/adrienne-wood/
602,Woodfolk,Judith,"Contact PI, Multi-PI",NIH,2,,Confirmed,"UVA School of Medicine, Asthma, Allergy and Immunology","UVA profile lists her as Professor of Medicine and MSTP Co-Director, with a 2025 publication.",https://med.virginia.edu/asthma-allergy-immunology/research/judith-a-woodfolk-md-phd/
603,Worley,Melanie,Contact PI,NIH,1,,Confirmed,UVA Dept of Biology,UVA faculty listing shows Melanie I. Worley as Assistant Professor of Biology (Drosophila regeneration lab).,https://med.virginia.edu/faculty/faculty-listing/rpc4ev/
604,Worrall,Bradford,Contact PI,NIH,1,,Confirmed,"UVA School of Medicine, Neurology",UVA Health provider page and SOM profile list him as Professor of Neurology and Stroke Division Chief.,https://uvahealth.com/providers/bradford-worrall-1821167461
605,Wotton,David,Contact PI,NIH,1,,Possible,UVA Biochemistry and Molecular Genetics (likely),The only UVA evidence found is a February 2023 award news item and an undated course listing; no 2025-2026 profile turned up.,https://med.virginia.edu/bmg/2023/02/02/dr-david-wotton-and-dr-todd-stukenberg-awarded-the-2022-uva-research-collaboration-award/
606,Wythe,Joshua,Contact PI,NIH,2,,Confirmed,UVA Dept of Cell Biology,UVA SOM profile lists him as Associate Professor of Cell and Developmental Biology; he moved from Baylor in 2024.,https://med.virginia.edu/cell-biology/2024/04/26/uva-cell-biology-welcomes-dr-joshua-wythe/
607,Xie,Jinghang,Contact PI,NIH,1,,Possible,UVA Molecular Physiology and Biological Physics (likely),The only evidence found is a June 2024 UVA Cancer Center news item about him joining as an assistant professor; nothing from 2025-2026 turned up.,https://med.virginia.edu/cancer-research/about-us/news/news-archive-2024/jinghang-xie-phd-joins-cancer-center-research-faculty/
608,Xu,Baoxing,Contact PI,NIH,1,,Confirmed,UVA Dept of Mechanical and Aerospace Engineering,The UVA Engineering faculty listing shows him as Associate Professor of Mechanical and Aerospace Engineering.,https://engineering.virginia.edu/faculty/x
609,Xu,Kexin,Contact PI,NIH,3,,Confirmed,UVA Dept of Genome Sciences / Cancer Center,January 2025 UVA Cancer Center news welcomes Kexin Xu as Professor of Genome Sciences.,https://med.virginia.edu/cancer-research/about-us/news/news-archive-2025/gen-program-welcomes-kexin-xu-phd/
610,Yadava,Ramesh,Contact PI,NIH,1,,Possible,"UVA Pathology (Mahadevan lab), last seen 2021",Ramesh S. Yadava appears on UVA myotonic dystrophy papers up to 2021; no current profile was found.,https://www.uvahealth.com/news/potential-treatment-for-myotonic-muscular-dystrophy-identified
611,Yagi,Kento,PI,NSF,1,ky5t@virginia.edu,Confirmed,UVA Dept of Physics,A November 2025 UVA 'Hoos in STEM' podcast features Kent Yagi as a UVA physics professor; his email ky5t matches.,https://www.audioscrape.com/podcast/hoos-in-stem
612,Yan,Guofen,Contact PI,NIH,1,,Confirmed,"UVA Dept of Public Health Sciences, Biostatistics","UVA PHS profile lists her as Professor of Biostatistics, and payroll records run through 2026.",https://med.virginia.edu/phs/2017/09/07/yan-guofen-ph-d/
613,Yang,Jie,Contact PI,NIH,1,,Confirmed,"UVA School of Medicine, Biochemistry and Molecular Genetics","UVA SOM faculty listing shows him as an assistant professor (cryo-EM, cell stress); his lab opened in 2024.",https://med.virginia.edu/faculty/faculty-listing/wfw7nc/
614,Yang,Jing,PI,NSF,1,akz2wg@virginia.edu,Confirmed,UVA Electrical and Computer Engineering,Wikipedia and DBLP list her as an associate professor of ECE at UVA; she has a recent-style UVA computing ID.,https://en.wikipedia.org/wiki/Jing_Yang_(computer_engineer)
615,Yang,Xi,PI,NSF,1,xiyang@virginia.edu,Confirmed,UVA Department of Environmental Sciences,UVA plant ecology lab page and DBLP list him as an associate professor in UVA Environmental Sciences.,https://uva.theopenscholar.com/plant-ecology-lab/people
616,Yang,Yaohua,Contact PI,NIH,1,,Confirmed,UVA Dept. of Genome Sciences,UVA Genome Sciences page (Aug 2024) and Frontiers profile list him as assistant professor at UVA; no sign he left.,https://med.virginia.edu/genome-sciences/tag/yaohua-yang/
617,Yang,Zequan,"Contact PI, Multi-PI",NIH,2,,Confirmed,UVA Dept. of Surgery (TCV lab) / CVRC,UVA faculty listing and TCV lab page list him as Associate Professor of Surgery; 2024 publications.,https://med.virginia.edu/faculty/faculty-listing/zy6b
618,Yarboro,Leora,Contact PI,NIH,1,,Confirmed,"UVA Health, Cardiac Surgery",UVA Health provider profile shows her as chief of cardiac surgery; cites 2025 Newsweek award.,https://www.uvahealth.com/providers/Leora-Yarboro-1437378643
619,Yi,Xu,PI,NSF,1,xy3m@virginia.edu,Possible,Unknown (virginia.edu email on grant),Search found no UVA page for Xu Yi; the only hits were namesakes in China.,
620,You,Wen,Multi-PI,NIH,1,,Confirmed,UVA Dept. of Public Health Sciences,UVA PHS faculty profile lists her as Professor and director of a Cancer Center core; adjunct appointment at Virginia Tech.,https://med.virginia.edu/phs/2019/08/01/you-wen/
621,Yu,Shan,PI,NSF,1,sy5jx@virginia.edu,Confirmed,UVA Dept. of Statistics,UVA Statistics department profile lists her as assistant professor.,https://statistics.as.virginia.edu/people/shan-yu
622,Zang,Chongzhi,"Contact PI, Multi-PI, Co-PI","NIH, NSF",3,zang@virginia.edu,Confirmed,UVA Center for Public Health Genomics / PHS / BME,UVA named him a 2024 Pinn Scholar (associate professor); multiple UVA appointments.,https://med.virginia.edu/genome-sciences/2024/07/11/cphgs-chongzhi-zang-named-2024-pinn-scholar/
623,Zawar,Ifrah,Contact PI,NIH,1,,Confirmed,"UVA Health, Neurology (Epilepsy)","UVA Health provider profile is live, and the 2025/2026 ANA speaker pages list her.",https://www.uvahealth.com/providers/IFRAH-ZAWAR-1689076192
624,Zebarjadi,Mona,PI,NSF,2,mz6g@virginia.edu,Confirmed,UVA ECE and Materials Science & Engineering,UVA Engineering faculty page lists her as professor; she leads the E-Snail lab.,https://engineering.virginia.edu/faculty/mona-zebarjadi
625,Zeichner,Steven,Contact PI,NIH,1,,Confirmed,"UVA Health, Pediatric Infectious Diseases",UVA Children's provider profile lists him as professor of Pediatric ID.,https://childrens.uvahealth.com/providers/steven-zeichner-1730275314
626,Zeidan,Fadel,Multi-PI,NIH,1,,Negative,"UC San Diego, Dept. of Anesthesiology",UCSD profile lists him as professor and director of the Pain Health and Mindfulness Lab; likely an external Multi-PI.,https://empathyandcompassion.ucsd.edu/about/people/profiles/fadel-zeidan-phd.html
627,Zeitlin,Scott,Contact PI,NIH,1,,Possible,Unknown,"Search found no Scott Zeitlin at UVA (likely the Scott Zeitlin in UVA Neuroscience/Huntington disease, but not verified).",
628,Zhang,Aidong,"Contact PI, PI, Co-PI","NIH, NSF",10,aidong@virginia.edu,Confirmed,UVA Computer Science / Data Science / BME,UVA Data Science profile lists her as Linville Professor and interim CS chair.,https://datascience.virginia.edu/people/aidong-zhang
629,Zhang,Miaomiao,"Contact PI, PI, Co-PI","NIH, NSF",3,mz8rr@virginia.edu,Confirmed,UVA ECE / Computer Science,UVA Engineering faculty directory lists her as a joint ECE/CS faculty member.,https://engineering.virginia.edu/department/electrical-and-computer-engineering/faculty?page=5
630,Zhang,Shangtong,"PI, Co-PI",NSF,2,shangtong.zhang.cs@gmail.com,Confirmed,UVA Computer Science,UVA Engineering faculty page lists him as assistant professor in CS.,https://www.engineering.virginia.edu/faculty/shangtong-zhang
631,Zhang,Tianpeng,Contact PI,NIH,1,,Possible,Unknown,Search found no UVA page for Tianpeng Zhang.,
632,Zhang,Xinyu,Co-PI,NSF,1,xyzhang@ucsd.edu,Negative,ucsd.edu,External collaborator: NSF lists only a non-UVA email.,
633,Zhao,Hua,Contact PI,NIH,1,,Possible,Unknown,"Search found no UVA page for Hua Zhao; the only hits were namesakes at UMN, Brunel and Shandong.",
634,Zhao,Zhen,Multi-PI,NIH,1,,Possible,Unknown (likely external Multi-PI),Search found no UVA Zhen Zhao; the only hits were namesakes at SDSU and elsewhere.,
635,Zhigilei,Leonid,PI,NSF,2,lz2n@virginia.edu,Confirmed,"UVA, Materials Science and Engineering",Current UVA Engineering faculty profile lists him as Professor of MSE; leads the Computational Materials Group.,https://engineering.virginia.edu/faculty/leonid-v-zhigilei
636,Zhou,Anny,Contact PI,NIH,1,,Confirmed,"UVA School of Medicine, Pulmonary and Critical Care Medicine","UVA Pulmonary faculty page lists Anny Xiaobo Zhou, PhD, as professor (moved from Harvard/BWH; hired March 2025 per payroll).",https://med.virginia.edu/pulmonary/anny-xiaobo-zhou-phd/
637,Zhou,Bicheng,PI,NSF,1,bicheng.zhou@virginia.edu,Possible,Unknown (virginia.edu email on NSF award),No web result found for Bicheng Zhou at UVA or elsewhere in two searches.,
638,Zhou,Jenny,Contact PI,NIH,2,,Confirmed,"UVA School of Medicine, Ophthalmology","UVA Ophthalmology page lists Jenny H. Zhou, MD, PhD, as Associate Professor, January 2026 to present (previously Yale).",https://med.virginia.edu/ophthalmology/?p=6221
639,Zhou,Jingsong,Multi-PI,NIH,1,,Negative,"University of Texas at Arlington, Kinesiology",Only Jingsong Zhou found is Professor of Kinesiology at UT Arlington; likely an external Multi-PI.,https://zhounmdlab.uta.edu/?p=13
640,Zhou,Lin,PI,NSF,1,xbd7fb@virginia.edu,Confirmed,"UVA (tenure-line associate professor, department not identified)",2026 public payroll record shows Lin Zhou as UVA tenure-line associate professor hired July 2025; consistent with virginia.edu email on NSF award.,https://openpayrolls.com/lin-zhou-178654445
641,Zhu,Hong,PI,NSF,1,hzhu2m@virginia.edu,Confirmed,"UVA School of Medicine, Public Health Sciences (Biostatistics)",UVA pages list Hong Zhu as Professor of Biostatistics and Faculty Director of the Biostatistics and Population Science Shared Resource.,https://med.virginia.edu/bpssr/our-team-and-location/
642,Zhu,Hua,Multi-PI,NIH,1,,Negative,"Ohio State University, Department of Surgery","Hua Zhu, PhD, is Professor of Surgery at Ohio State (MG53/muscle repair); no UVA link found, likely external Multi-PI.",https://medicine.osu.edu/find-a-researcher/hua-zhu-100003860
643,Zhu,Huiyuan,PI,NSF,3,kkx8js@virginia.edu,Confirmed,"UVA, Chemistry",UVA lab page lists her as Associate Professor of Chemistry since 2023.08 to present.,https://uva.theopenscholar.com/nano-energy-and-environmental-catalysis-lab/people/prof-huiyuan-zhu
644,Zhu,Qianqian,Multi-PI,NIH,1,,Negative,"Roswell Park Comprehensive Cancer Center, Biostatistics and Bioinformatics","Qianqian Zhu, PhD, is Professor of Oncology at Roswell Park; no UVA link found, likely external Multi-PI.",https://www.roswellpark.org/qianqian-zhu
645,Zimmer,Jochen,Contact PI,NIH,2,,Confirmed,"UVA School of Medicine, Molecular Physiology and Biological Physics","UVA named him Charles Slaughter Professor of Physiology, July 2024 to June 2029; HHMI honor news.",https://med.virginia.edu/physiology-biophysics/2024/11/27/dr-jochen-zimmer-elected-to-the-charles-slaughter-professorship-in-physiology/
646,Zoellner,Jamie,Contact PI,NIH,3,,Confirmed,"UVA School of Medicine, Public Health Sciences",UVA reported in June 2026 on her new grant-funded sugary-drink study; Professor of Public Health Sciences.,https://www.eurekalert.org/multimedia/895702
647,Zong,Hui,Contact PI,NIH,2,,Confirmed,"UVA School of Medicine, Microbiology, Immunology, and Cancer Biology",UVA Neuroscience Graduate Program and med.virginia.edu lab pages list him as professor in MIC (glioma research).,https://neurograd.virginia.edu/hui-zong
